ID,NAME,REDIRECT_PAGE__C,SORT_ORDER__C,WALTERB2BSTORE_FOOTERMENU__C,WALTERB2BSTORE_FOOTERMENU__R.NAME,WALTERB2BSTORE_FOOTERMENU__C
a1f7A000004LEVKQA4,Notre mission,our-mission,1,a1e7A000000j1EpQAI,À PROPOS DE NOUS,
a1f7A000004LEVPQA4,Histoire,histoire,2,a1e7A000000j1EpQAI,À PROPOS DE NOUS,
a1f7A000004LEVUQA4,Nos piliers,nos-piliers,3,a1e7A000000j1EpQAI,À PROPOS DE NOUS,
a1f7A000004LEVZQA4,Équipe de direction,equipe-de-direction,5,a1e7A000000j1EpQAI,À PROPOS DE NOUS,
a1f7A000004LEVeQAO,Où acheter,ou-acheter,7,a1e7A000000j1EpQAI,À PROPOS DE NOUS,
a1f7A000004LEVfQAO,FAQs,faqs,1,a1e7A000000j1EuQAI,CARRIÈRES,
a1f7A000004LEVyQAO,Opportunités d'emploi,carrieres,2,a1e7A000000j1EuQAI,CARRIÈRES,
a1f7A000004LEW3QAO,Processus d'embauche,processus-embauche,3,a1e7A000000j1EuQAI,CARRIÈRES,
a1f7A000004LEW4QAO,Vidéos,videos,6,a1e7A000000j1EzQAI,AU SAVOIR,
a1f7A000004LEW8QAO,Applications,apps,1,a1e7A000000j1EzQAI,AU SAVOIR,
a1f7A000004LEW9QAO,Contactez-nous,contactez-nous,3,a1e7A000000j1EzQAI,AU SAVOIR,
a1f7A000004LEWDQA4,Devenez distributeur,devenez-distributeur,2,a1e7A000000j1EzQAI,AU SAVOIR,
a1f7A000004LEWIQA4,Nouvelles et communiqué de presse,news-press-releases,4,a1e7A000000j1EzQAI,AU SAVOIR,
a1f7A000004LEWNQA4,Promotions,promotion,5,a1e7A000000j1EzQAI,AU SAVOIR,
a1f7A000004LOAcQAO,Nuestra Misión,Nuestra_Mision__c,1,a1e7A000000spVtQAI,Sobre Nosotros,
a1f7A000004LOAhQAO,Historia,Historia__c,2,a1e7A000000spVtQAI,Sobre Nosotros,
a1f7A000004LOAiQAO,Nuestros Pilares,Nuestras_Pilares__c,3,a1e7A000000spVtQAI,Sobre Nosotros,
a1f7A000004LOAmQAO,Equipo Directivo,Equipo_Directivo__c,4,a1e7A000000spVtQAI,Sobre Nosotros,
a1f7A000004LOArQAO,Donde Comprar,Donde_Comprar__c,6,a1e7A000000spVtQAI,Sobre Nosotros,
a1f7A000004LOAwQAO,Beneficios,Beneficios__c,1,a1e7A000000spVyQAI,Carreras,
a1f7A000004LOAxQAO,Noticias Y Comunicado De Prensa,Comunicados_De_Prensa__c,4,a1e7A000000spW3QAI,En el saber,
a1f7A000004LOB1QAO,Preguntas Frecuentes,FAQs__c,2,a1e7A000000spVyQAI,Carreras,
a1f7A000004LOB6QAO,Oportunidades De Trabajo,Carreras__c,3,a1e7A000000spVyQAI,Carreras,
a1f7A000004LOB7QAO,Proceso De Contratación,Proceso_De_Contratacion__c,4,a1e7A000000spVyQAI,Carreras,
a1f7A000004LOBBQA4,Aplicaciones,Aplicaciones__c,1,a1e7A000000spW3QAI,En el saber,
a1f7A000004LOBGQA4,Conviértete En Distribuidor,Conviertase_En_Distribuidor__c,2,a1e7A000000spW3QAI,En el saber,
a1f7A000004LOBHQA4,Contacta Con Nosotros,Contacta_Con_Nosotros__c,3,a1e7A000000spW3QAI,En el saber,
a1f7A000004LOBLQA4,Promociones,Promociones__c,5,a1e7A000000spW3QAI,En el saber,
a1f7A000004LOBMQA4,Vídeos,Videos__c,6,a1e7A000000spW3QAI,En el saber,
a1f7A000004LOKbQAO,Benefits,,1,a1e7A000000ssEnQAI,Careers,
a1f7A000004LOKgQAO,Benefits,benefits,1,a1e7A000000ssFSQAY,Careers,
a1f7A000004LOKqQAO,FAQs,FAQs__c,2,a1e7A000000ssEnQAI,Careers,
a1f7A000004LOL0QAO,FAQs,faqs,2,a1e7A000000ssFSQAY,Careers,
a1f7A000004LOL5QAO,Job Opportunities,,3,a1e7A000000ssEnQAI,Careers,
a1f7A000004LOMmQAO,Job Opportunities,careers,3,a1e7A000000ssFSQAY,Careers,
a1f7A000004LOMrQAO,Hiring Process,hiring-process,4,a1e7A000000ssFSQAY,Careers,
a1f7A000004LOMsQAO,News & Press Release,news-and-press-release,4,a1e7A000000ssFTQAY,In the know,
a1f7A000004LOMtQAO,Videos,videos,6,a1e7A000000ssFTQAY,In the know,
a1f7A000004LON1QAO,Apps,,1,a1e7A000000ssG9QAI,In the know,
a1f7A000004LON6QAO,Apps,apps,1,a1e7A000000ssFTQAY,In the know,
a1f7A000004LONBQA4,Become a Distributor,distributor-form,2,a1e7A000000ssFTQAY,In the know,
a1f7A000004LONGQA4,Contact Us,contact-us,3,a1e7A000000ssFTQAY,In the know,
a1f7A000004LONLQA4,Promotions,promotions,5,a1e7A000000ssFTQAY,In the know,
a1f7A000004LOOOQA4,Our Mission,our-mission,0,a1e7A000000ssElQAI,About Us,
a1f7A000004LOOTQA4,History,history,1,a1e7A000000ssElQAI,About Us,
a1f7A000004LOOYQA4,Our Pillars,our-pillars,2,a1e7A000000ssElQAI,About Us,
a1f7A000004LOOdQAO,Management Team,management-team,4,a1e7A000000ssElQAI,About Us,
a1f7A000004LOOiQAO,Where to Buy,where-to-buy,6,a1e7A000000ssElQAI,About Us,
a1f7A000004LRrXQAW,Nossa missão,Nossa_Missao__c,0,a1e7A000000tDffQAE,Sobre nós,
a1f7A000004LRrcQAG,História,Historia__c,1,a1e7A000000tDffQAE,Sobre nós,
a1f7A000004LRrhQAG,Nossos Pilares,Nossos_Pilares__c,2,a1e7A000000tDffQAE,Sobre nós,
a1f7A000004LRrmQAG,Time De Gerenciamento,Time_De_Gerenciamento__c,4,a1e7A000000tDffQAE,Sobre nós,
a1f7A000004LRrrQAG,Onde Comprar,Onde_Comprar__c,6,a1e7A000000tDffQAE,Sobre nós,
a1f7A000004LRsBQAW,Benefícios,Beneficios__c,0,a1e7A000000tDfkQAE,Carreiras,
a1f7A000004LRsCQAW,Processo De Contratação,Processo_De_contratacao__c,3,a1e7A000000tDfkQAE,Carreiras,
a1f7A000004LRsDQAW,Contate-Nos,Contate_Nos__c,2,a1e7A000000tDfpQAE,No saber,
a1f7A000004LRsGQAW,FAQs,FAQs__c,1,a1e7A000000tDfkQAE,Carreiras,
a1f7A000004LRsLQAW,Oportunidades De emprego,Carreiras__c,2,a1e7A000000tDfkQAE,Carreiras,
a1f7A000004LRsQQAW,Aplicativos,Aplicativas__c,0,a1e7A000000tDfpQAE,No saber,
a1f7A000004LRsfQAG,Torne-se um Distribuidor,Torne_se_Distribuidor__c,1,a1e7A000000tDfpQAE,No saber,
a1f7A000004LRskQAG,Comunicado De Imprensa E Notícias,News_and_Press_Release__c,3,a1e7A000000tDfpQAE,No saber,
a1f7A000004LRslQAG,Vídeos,Videos__c,5,a1e7A000000tDfpQAE,No saber,
a1f7A000004LRspQAG,Promoções,Promocoes__c,4,a1e7A000000tDfpQAE,No saber,
a1f7A000004LmZnQAK,Benefícios,beneficios,0,a1e7A000000j1EuQAI,CARRIÈRES,
a1f7A000004LmZsQAK,Sustainability,sustainability,3,a1e7A000000ssElQAI,About Us,
a1f7A000004LmZxQAK,Automation,automation,5,a1e7A000000ssElQAI,About Us,
a1f7A000004LmeEQAS,Durabilité,durabilite,4,a1e7A000000j1EpQAI,À PROPOS DE NOUS,
a1f7A000004LmeFQAS,Automacao,Automacao__c,5,a1e7A000000tDffQAE,Sobre nós,
a1f7A000004LmeJQAS,Automatisation,automatisation,6,a1e7A000000j1EpQAI,À PROPOS DE NOUS,
a1f7A000004LmeOQAS,Sustentabilidade,Sustentabilidade__c,3,a1e7A000000tDffQAE,Sobre nós,
a1f7A000004LmeTQAS,Sostenibilidad,Sostenibilidad__c,4,a1e7A000000spVtQAI,Sobre Nosotros,
a1f7A000004LmeYQAS,Automatización,Automatizacion__c,5,a1e7A000000spVtQAI,Sobre Nosotros,
