ID,NAME,WALTERB2BSTORE_NEWS_EVENTS__C,WALTERB2BSTORE_NEWS_EVENTS__R.NAME
a1w7A000001IeZjQAK,TAC UPC,a1s7A0000029iwHQAQ,WALTER Surface Technologies 250 AUTO TAC UPC
a1w7A000001IeZkQAK,Depth of Cut,a1s7A0000029iwHQAQ,WALTER Surface Technologies 250 AUTO TAC UPC
a1w7A000001IeZoQAK,FIN,a1s7A0000029iwHQAQ,WALTER Surface Technologies 250 AUTO TAC UPC
a1w7A000001IedHQAS,TAC UPC,a1s7A0000029gVBQAY,News TAC UPC Depth of Cut FIN
a1w7A000001IedIQAS,Depth of Cut,a1s7A0000029gVBQAY,News TAC UPC Depth of Cut FIN
a1w7A000001IedJQAS,TAC UPC,a1s7A0000029ivEQAQ,ABOUT US TAC UPC Depth of Cut FIN
a1w7A000001IedKQAS,Depth of Cut,a1s7A0000029ivEQAQ,ABOUT US TAC UPC Depth of Cut FIN
a1w7A000001IedWQAS,FIN,a1s7A0000029ivEQAQ,ABOUT US TAC UPC Depth of Cut FIN
a1w7A000001IedqQAC,TAC UPC,a1s7A0000029gZLQAY,WALTER Surface Technologies TAC UPC Depth of Cut FIN
a1w7A000001IedrQAC,Depth of Cut,a1s7A0000029gZQQAY,WALTER Surface Technologies 250 AUTO TAC UPC Depth of Cut FIN
a1w7A000001IedvQAC,Depth of Cut,a1s7A0000029gZLQAY,WALTER Surface Technologies TAC UPC Depth of Cut FIN
a1w7A000001Iee0QAC,FIN,a1s7A0000029gZLQAY,WALTER Surface Technologies TAC UPC Depth of Cut FIN
a1w7A000001Iee5QAC,TAC UPC,a1s7A0000029iupQAA,WALTER Surface Technologies TAC UPC Depth of Cut FIN
a1w7A000001Iee6QAC,Depth of Cut,a1s7A0000029iupQAA,WALTER Surface Technologies TAC UPC Depth of Cut FIN
a1w7A000001IeeAQAS,FIN,a1s7A0000029iupQAA,WALTER Surface Technologies TAC UPC Depth of Cut FIN
a1w7A000001IeeFQAS,TAC UPC,a1s7A0000029gZQQAY,WALTER Surface Technologies 250 AUTO TAC UPC Depth of Cut FIN
a1w7A000001IeePQAS,FIN,a1s7A0000029gZQQAY,WALTER Surface Technologies 250 AUTO TAC UPC Depth of Cut FIN
a1w7A000001IiVKQA0,DEPTH OF CUT,a1s7A0000029iw7QAA,WALTER Surface Technologies
a1w7A000001IiVLQA0,TAC UPC,a1s7A0000029iw7QAA,WALTER Surface Technologies
a1w7A000001IiVMQA0,FIN,a1s7A0000029iw7QAA,WALTER Surface Technologies
a1w7A000001IiVNQA0,DEPTH OF CUT,a1s7A0000029iwCQAQ,WALTER Surface Technologies
a1w7A000001IiVOQA0,TAC UPC,a1s7A0000029iwCQAQ,WALTER Surface Technologies
a1w7A000001IiVPQA0,FIN,a1s7A0000029iwCQAQ,WALTER Surface Technologies
a1w7A000001IiVQQA0,DEPTH OF CUT,a1s7A0000029iv9QAA,User Customer Person Account
a1w7A000001IiVRQA0,TAC UPC,a1s7A0000029iv9QAA,User Customer Person Account
a1w7A000001IiVSQA0,FIN,a1s7A0000029iv9QAA,User Customer Person Account
a1w7A000001IiVTQA0,DEPTH OF CUT,a1s7A0000029ivAQAQ,WALTER Surface Technologies 250 AUTO
a1w7A000001IiVUQA0,TAC UPC,a1s7A0000029ivAQAQ,WALTER Surface Technologies 250 AUTO
a1w7A000001IiVVQA0,FIN,a1s7A0000029ivAQAQ,WALTER Surface Technologies 250 AUTO
a1w7A000001IiVWQA0,DEPTH OF CUT,a1s7A0000029iuaQAA,WALTER Surface Technologies 250 AUTO
a1w7A000001IiVXQA0,TAC UPC,a1s7A0000029iuaQAA,WALTER Surface Technologies 250 AUTO
a1w7A000001IiVYQA0,FIN,a1s7A0000029iuaQAA,WALTER Surface Technologies 250 AUTO
a1w7A000001IiVZQA0,DEPTH OF CUT,a1s7A0000029ivFQAQ,WALTER Surface Technologies
a1w7A000001IiVaQAK,TAC UPC,a1s7A0000029ivFQAQ,WALTER Surface Technologies
a1w7A000001IiVbQAK,FIN,a1s7A0000029ivFQAQ,WALTER Surface Technologies
a1w7A000001IiVcQAK,DEPTH OF CUT,a1s7A0000029ivOQAQ,WALTER Surface Technologies
a1w7A000001IiVdQAK,TAC UPC,a1s7A0000029ivOQAQ,WALTER Surface Technologies
a1w7A000001IiVeQAK,FIN,a1s7A0000029ivOQAQ,WALTER Surface Technologies
a1w7A000001IiVfQAK,DEPTH OF CUT,a1s7A0000029ivdQAA,WALTER Surface Technologies
a1w7A000001IiVgQAK,TAC UPC,a1s7A0000029ivdQAA,WALTER Surface Technologies
a1w7A000001IiVhQAK,FIN,a1s7A0000029ivdQAA,WALTER Surface Technologies
a1w7A000001IiViQAK,DEPTH OF CUT,a1s7A0000029iv4QAA,WALTER Surface Technologies 250 AUTO
a1w7A000001IiVjQAK,TAC UPC,a1s7A0000029iv4QAA,WALTER Surface Technologies 250 AUTO
a1w7A000001IiVkQAK,FIN,a1s7A0000029iv4QAA,WALTER Surface Technologies 250 AUTO
a1w7A000001IiVlQAK,DEPTH OF CUT,a1s7A0000029gZaQAI,WALTER Surface Technologies launches of the ICECUT 250 AUTO
a1w7A000001IiVmQAK,TAC UPC,a1s7A0000029gZaQAI,WALTER Surface Technologies launches of the ICECUT 250 AUTO
a1w7A000001IiVnQAK,FIN,a1s7A0000029gZaQAI,WALTER Surface Technologies launches of the ICECUT 250 AUTO
a1w7A000001IiVoQAK,DEPTH OF CUT,a1s7A0000029gZbQAI,WALTER Surface Technologies AUTO
a1w7A000001IiVpQAK,TAC UPC,a1s7A0000029gZbQAI,WALTER Surface Technologies AUTO
a1w7A000001IiVqQAK,FIN,a1s7A0000029gZbQAI,WALTER Surface Technologies AUTO
a1w7A000001IiVrQAK,DEPTH OF CUT,a1s7A0000029gZVQAY,WALTER Surface Technologies launches
a1w7A000001IiVsQAK,TAC UPC,a1s7A0000029gZVQAY,WALTER Surface Technologies launches
a1w7A000001IiVtQAK,FIN,a1s7A0000029gZVQAY,WALTER Surface Technologies launches
a1w7A000001IiVuQAK,PROFUNDIDADE DO CORTE,a1s7A0000029iufQAA,WALTER Surface Technologies 250 AUTO
a1w7A000001IiVvQAK,TAC UPC,a1s7A0000029iufQAA,WALTER Surface Technologies 250 AUTO
a1w7A000001IiVwQAK,FIN,a1s7A0000029iufQAA,WALTER Surface Technologies 250 AUTO
a1w7A000001IiVxQAK,DEPTH OF CUT,a1s7A0000029ivTQAQ,WALTER Surface Technologies 250 AUTO
a1w7A000001IiVyQAK,TAC UPC,a1s7A0000029ivTQAQ,WALTER Surface Technologies 250 AUTO
a1w7A000001IiVzQAK,FIN,a1s7A0000029ivTQAQ,WALTER Surface Technologies 250 AUTO
a1w7A000001IiW0QAK,DEPTH OF CUT,a1s7A0000029jNxQAI,Account Page
a1w7A000001IiW1QAK,TAC UPC,a1s7A0000029jNxQAI,Account Page
a1w7A000001IiW2QAK,FIN,a1s7A0000029jNxQAI,Account Page
a1w7A000001IiW3QAK,DEPTH OF CUT,a1s7A0000029ivJQAQ,WALTER Surface Technologies 250 AUTO
a1w7A000001IiW4QAK,TAC UPC,a1s7A0000029ivJQAQ,WALTER Surface Technologies 250 AUTO
a1w7A000001IiW5QAK,FIN,a1s7A0000029ivJQAQ,WALTER Surface Technologies 250 AUTO
a1w7A000001IiW6QAK,DEPTH OF CUT,a1s7A0000029iukQAA,WALTER Surface Technologies 250 AUTO
a1w7A000001IiW7QAK,TAC UPC,a1s7A0000029iukQAA,WALTER Surface Technologies 250 AUTO
a1w7A000001IiW8QAK,FIN,a1s7A0000029iukQAA,WALTER Surface Technologies 250 AUTO
a1w7A000001IiWCQA0,DEPTH OF CUT,a1s7A0000029irHQAQ,WALTER Surface Technologies AUTO
a1w7A000001IiWDQA0,TAC UPC,a1s7A0000029irHQAQ,WALTER Surface Technologies AUTO
a1w7A000001IiWEQA0,FIN,a1s7A0000029irHQAQ,WALTER Surface Technologies AUTO
a1w7A000001IiWIQA0,DEPTH OF CUT,a1s7A0000029ivYQAQ,WALTER Surface Technologies
a1w7A000001IiWJQA0,TAC UPC,a1s7A0000029ivYQAQ,WALTER Surface Technologies
a1w7A000001IiWKQA0,FIN,a1s7A0000029ivYQAQ,WALTER Surface Technologies
a1w7A000001IiWLQA0,DEPTH OF CUT,a1s7A0000029irMQAQ,WALTER Surface Technologies AUTO
a1w7A000001IiWMQA0,TAC UPC,a1s7A0000029irMQAQ,WALTER Surface Technologies AUTO
a1w7A000001IiWNQA0,FIN,a1s7A0000029irMQAQ,WALTER Surface Technologies AUTO
a1w7A000001IiWOQA0,DEPTH OF CUT,a1s7A0000029gVGQAY,WALTER Surface Technologies launches of the ICECUT 250 AUTO
a1w7A000001IiWPQA0,TAC UPC,a1s7A0000029gVGQAY,WALTER Surface Technologies launches of the ICECUT 250 AUTO
a1w7A000001IiWQQA0,FIN,a1s7A0000029gVGQAY,WALTER Surface Technologies launches of the ICECUT 250 AUTO
a1w7A000001IiWRQA0,DEPTH OF CUT,a1s7A0000029irRQAQ,WALTER Surface Technologies AUTO
a1w7A000001IiWSQA0,TAC UPC,a1s7A0000029irRQAQ,WALTER Surface Technologies AUTO
a1w7A000001IiWTQA0,FIN,a1s7A0000029irRQAQ,WALTER Surface Technologies AUTO
a1wO40000003uthIAA,DEPTH OF CUT,a1sO4000000Ds0zIAC,WALTER Tecnologias de Superfície 250 AUTO
a1wO40000003uvJIAQ,TAC UPC,a1sO4000000Ds0zIAC,WALTER Tecnologias de Superfície 250 AUTO
a1wO400000049mHIAQ,Toughcut,a1sO40000008RjCIAU,Toughcut Test
a1wO400000049ntIAA,Automotiva,a1sO40000008RZKIA2,Da indústria alimentícia à automotiva: tenha maior garantia de qualidade com a W
a1wO400000049pVIAQ,Desempenho,a1sO40000008RZKIA2,Da indústria alimentícia à automotiva: tenha maior garantia de qualidade com a W
a1wO400000049r7IAA,Aplica o desenvolvimento,a1sO40000008SAQIA2,Como a Walter aplica o desenvolvimento sustentável em seu trabalho?
a1wO400000049sjIAA,Sustentável,a1sO40000008SAQIA2,Como a Walter aplica o desenvolvimento sustentável em seu trabalho?
a1wO400000049uLIAQ,Superfícies,a1sO40000008RjCIAU,Toughcut Test
a1wO400000049vxIAA,Superfícies,a1sO40000008T9iIAE,Aplicativo Walter
a1wO400000049xZIAQ,Acabamentos do aço,a1sO40000008TG9IAM,Acabamentos do aço inoxidável: qual é o indicado para construções e indústrias?
a1wO400000049zBIAQ,Certificado melhora,a1sO40000008TNVIA2,ISO 14001: entenda como esse certificado melhora a imagem da sua indústria
a1wO40000004A0nIAE,ISO,a1sO40000008TNVIA2,ISO 14001: entenda como esse certificado melhora a imagem da sua indústria
a1wO40000004A2PIAU,segurança de processos,a1sO40000008TODIA2,3 dicas para garantir a segurança de processos industriais em sua fábrica
a1wO40000004A41IAE,fábrica,a1sO40000008TODIA2,3 dicas para garantir a segurança de processos industriais em sua fábrica
a1wO40000004A5dIAE,Qualidade da indústria,a1sO40000008TWHIA2,As normas de qualidade da indústria que você deve ficar atento
a1wO40000004A7FIAU,Soluções industriais,a1sO40000008TXtIAM,Soluções industriais da Walter trazem mais conforto para o trabalhador
a1wO40000004A8rIAE,Abrasivos e químicos,a1sO40000008TZVIA2,Abrasivos e químicos: as duas linhas de trabalho do catálogo da Walter
a1wO40000004A8sIAE,FIN,a1sO4000000DsCHIA0,SOBRE NÓS TAC UPC Profundidade de corte FIN
a1wO40000004AATIA2,SUPERFÍCIES ADQUIRE,a1sO40000008Tb7IAE,A WALTER TECNOLOGIAS EM SUPERFÍCIES ADQUIRE A DRILLCO E A TRIUMPH TWIST DRILL
a1wO40000004AC5IAM,E-Weld Plasma,a1sO40000008TjBIAU,E-Weld Plasma
a1wO40000004ADhIAM,PROFUNDIDADE DO CORTE,a1sO4000000DsCHIA0,SOBRE NÓS TAC UPC Profundidade de corte FIN
a1wO40000004AFJIA2,TAC UPC,a1sO4000000DsCHIA0,SOBRE NÓS TAC UPC Profundidade de corte FIN
a1wO40000004AGvIAM,TAC UPC,a1sO4000000E2mjIAC,WALTER Surface Technologies TAC UPC Profundidade de corte FIN
a1wO40000004AGwIAM,FIN,a1sO4000000E2oLIAS,WALTER Surface Technologies TAC UPC Profundidade de corte FIN
a1wO40000004AIXIA2,FIN,a1sO4000000E2mjIAC,WALTER Surface Technologies TAC UPC Profundidade de corte FIN
a1wO40000004AK9IAM,TAC UPC,a1sO4000000E2oLIAS,WALTER Surface Technologies TAC UPC Profundidade de corte FIN
a1wO40000004ALlIAM,Forma,a1sO4000000EC4XIAW,Você está utilizando os discos abrasivos da forma correta?
a1wO40000004ANNIA2,Dicas Para Garantir,a1sO4000000E9NhIAK,5 dicas para garantir o bom desempenho dos discos de corte
a1wO40000004AOzIAM,desempenho,a1sO4000000E9NhIAK,5 dicas para garantir o bom desempenho dos discos de corte
a1wO40000004AQbIAM,ICECUT,a1sO4000000E2tBIAS,WALTER Surface Technologies lança o ICECUT 250 AUTO
a1wO40000004ASDIA2,ICECUT,a1sO4000000E2pxIAC,WALTER Surface Technologies lança o ICECUT 250 AUTO
