ACCOUNT__C,NAME,PRODUCT_DISTRIBUTOR__C,PRODUCT__C,PRODUCT__R.NAME,STORE__C,STORE__R.NAME,WALTERB2BSTORE_ONLINE_DISTRIBUTOR__C,WALTERB2BSTORE_ONLINE_DISTRIBUTOR__R.NAME
,ProDis-000261,https://www.vallen.ca/Products/Detail/V0FMIDEwLUEtMTIz,01tO4000002tFrjIAE,Walter-10A123-662980036389,0ZE7A00000001gNWAQ,Walter-EN_CA,a20O40000005k8wIAA,D-00000065
,ProDis-000262,https://www.vallen.ca/Products/Detail/V0FMIDEwLUItMjAz,01tO4000002tFrkIAE,Walter-10B203-662980157282,0ZE7A00000001gNWAQ,Walter-EN_CA,a20O40000005k8wIAA,D-00000065
,ProDis-000263,https://www.vallen.ca/Products/Detail/V0FMIDEwLUItMTgz,01tO4000002tFrlIAE,Walter-10B183-662980147542,0ZE7A00000001gNWAQ,Walter-EN_CA,a20O40000005k8wIAA,D-00000065
,ProDis-000264,https://www.vallen.ca/Products/Detail/V0FMIDExLUYtMTcy,01tO4000002tFrmIAE,Walter-11F172-662980387665,0ZE7A00000001gNWAQ,Walter-EN_CA,a20O40000005k8wIAA,D-00000065
,ProDis-000265,https://www.vallen.ca/Products/Detail/V0FMIDExLUgtMDUy,01tO4000002tFrnIAE,Walter-11H052-662980848616,0ZE7A00000001gNWAQ,Walter-EN_CA,a20O40000005k8wIAA,D-00000065
,ProDis-000266,https://www.vallen.ca/Products/Detail/V0FMIDExLUEtMTQy,01tO4000002tFroIAE,Walter-11A142-662980026823,0ZE7A00000001gNWAQ,Walter-EN_CA,a20O40000005k8wIAA,D-00000065
,ProDis-000267,https://www.vallen.ca/Products/Detail/V0FMIDEwLUEtMjAz,01tO4000002tFrpIAE,Walter-10A203-662980040720,0ZE7A00000001gNWAQ,Walter-EN_CA,a20O40000005k8wIAA,D-00000065
,ProDis-000268,https://www.vallen.ca/Products/Detail/V0FMIDExLUEtMTIx,01tO4000002tFrqIAE,Walter-11A121-662980197639,0ZE7A00000001gNWAQ,Walter-EN_CA,a20O40000005k8wIAA,D-00000065
,ProDis-000269,https://www.vallen.ca/Products/Detail/V0FMIDExLUYtMTYy,01tO4000002tFrsIAE,Walter-11F162-662980546123,0ZE7A00000001gNWAQ,Walter-EN_CA,a20O40000005k8wIAA,D-00000065
,ProDis-000270,https://www.vallen.ca/Products/Detail/V0FMIDExLUQtMTIy,01tO4000002tFruIAE,Walter-11D122-662980037546,0ZE7A00000001gNWAQ,Walter-EN_CA,a20O40000005k8wIAA,D-00000065
,ProDis-000271,https://www.vallen.ca/Products/Detail/V0FMIDExLUYtMDUy,01tO4000002tFryIAE,Walter-11F052-662980310540,0ZE7A00000001gNWAQ,Walter-EN_CA,a20O40000005k8wIAA,D-00000065
,ProDis-000272,https://www.vallen.ca/Products/Detail/V0FMIDEwLUEtMTQz,01tO4000002tFs2IAE,Walter-10A143-662980229514,0ZE7A00000001gNWAQ,Walter-EN_CA,a20O40000005k8wIAA,D-00000065
,ProDis-000273,https://www.vallen.ca/Products/Detail/V0FMIDExLUQtMTQx,01tO4000002tFs3IAE,Walter-11D141-662980216842,0ZE7A00000001gNWAQ,Walter-EN_CA,a20O40000005k8wIAA,D-00000065
,ProDis-000274,https://www.vallen.ca/Products/Detail/V0FMIDEwLUItMTQz,01tO4000002tFs5IAE,Walter-10B143-662980097915,0ZE7A00000001gNWAQ,Walter-EN_CA,a20O40000005k8wIAA,D-00000065
,ProDis-000275,https://www.vallen.ca/Products/Detail/V0FMIDExLUEtMTIy,01tO4000002tFs6IAE,Walter-11A122-662980003688,0ZE7A00000001gNWAQ,Walter-EN_CA,a20O40000005k8wIAA,D-00000065
,ProDis-000276,https://www.vallen.ca/Products/Detail/V0FMIDEwLUItMTIz,01tO4000002tFs7IAE,Walter-10B123-662980008898,0ZE7A00000001gNWAQ,Walter-EN_CA,a20O40000005k8wIAA,D-00000065
,ProDis-000277,https://www.vallen.ca/Products/Detail/V0FMIDExLUYtMDYy,01tO4000002tFs9IAE,Walter-11F062-662980874103,0ZE7A00000001gNWAQ,Walter-EN_CA,a20O40000005k8wIAA,D-00000065
,ProDis-000278,https://www.vallen.ca/Products/Detail/V0FMIDEwLUEtMjA2,01tO4000002tFsAIAU,Walter-10A206-662980008140,0ZE7A00000001gNWAQ,Walter-EN_CA,a20O40000005k8wIAA,D-00000065
,ProDis-000279,https://www.vallen.ca/Products/Detail/V0FMIDExLUQtMTIz,01tO4000002tFsEIAU,Walter-11D123-662980246610,0ZE7A00000001gNWAQ,Walter-EN_CA,a20O40000005k8wIAA,D-00000065
,ProDis-000280,https://www.vallen.ca/Products/Detail/V0FMIDEwLUEtMTgz,01tO4000002tFsFIAU,Walter-10A183-662980235423,0ZE7A00000001gNWAQ,Walter-EN_CA,a20O40000005k8wIAA,D-00000065
,ProDis-000281,https://www.vallen.ca/Products/Detail/V0FMIDExLUEtMTQx,01tO4000002tFsGIAU,Walter-11A141-662980087749,0ZE7A00000001gNWAQ,Walter-EN_CA,a20O40000005k8wIAA,D-00000065
,ProDis-000282,https://www.vallen.ca/Products/Detail/V0FMIDExLUYtMTQy,01tO4000002tFsNIAU,Walter-11F142-662980617380,0ZE7A00000001gNWAQ,Walter-EN_CA,a20O40000005k8wIAA,D-00000065
,ProDis-000283,https://www.vallen.ca/Products/Detail/V0FMIDExLUEtMTIz,01tO4000002tFsOIAU,Walter-11A123-662980150092,0ZE7A00000001gNWAQ,Walter-EN_CA,a20O40000005k8wIAA,D-00000065
,ProDis-000284,https://www.vallen.ca/Products/Detail/V0FMIDEwLUMtMTQz,01tO4000002tFsPIAU,Walter-10C143-662980063385,0ZE7A00000001gNWAQ,Walter-EN_CA,a20O40000005k8wIAA,D-00000065
,ProDis-000285,https://www.vallen.ca/Products/Detail/V0FMIDExLUQtMTIx,01tO4000002tFsRIAU,Walter-11D121-662980020449,0ZE7A00000001gNWAQ,Walter-EN_CA,a20O40000005k8wIAA,D-00000065
,ProDis-000286,https://www.vallen.ca/Products/Detail/V0FMIDExLUYtMTUy,01tO4000002tFsSIAU,Walter-11F152-662980423141,0ZE7A00000001gNWAQ,Walter-EN_CA,a20O40000005k8wIAA,D-00000065
,ProDis-000287,https://www.vallen.ca/Products/Detail/V0FMIDExLUQtMTQz,01tO4000002tFsTIAU,Walter-11D143-662980053638,0ZE7A00000001gNWAQ,Walter-EN_CA,a20O40000005k8wIAA,D-00000065
,ProDis-000288,https://www.vallen.ca/Products/Detail/V0FMIDExLUEtMTQz,01tO4000002tFsVIAU,Walter-11A143-662980189894,0ZE7A00000001gNWAQ,Walter-EN_CA,a20O40000005k8wIAA,D-00000065
,ProDis-000289,https://www.vallen.ca/Products/Detail/V0FMIDEwLUEtMTYz,01tO4000002tFsWIAU,Walter-10A163-662980035610,0ZE7A00000001gNWAQ,Walter-EN_CA,a20O40000005k8wIAA,D-00000065
,ProDis-000290,https://www.vallen.ca/Products/Detail/V0FMIDEwLUItMTYz,01tO4000002tFsXIAU,Walter-10B163-662980047040,0ZE7A00000001gNWAQ,Walter-EN_CA,a20O40000005k8wIAA,D-00000065
,ProDis-000291,https://thesandpaperpeople.com/products/walter-11f042,01tO4000002tFriIAE,Walter-11F042-662980350386,0ZE7A00000001gNWAQ,Walter-EN_CA,a20O40000005k8tIAA,D-00000062
,ProDis-000292,https://thesandpaperpeople.com/products/walter-10a123,01tO4000002tFrjIAE,Walter-10A123-662980036389,0ZE7A00000001gNWAQ,Walter-EN_CA,a20O40000005k8tIAA,D-00000062
,ProDis-000293,https://thesandpaperpeople.com/products/walter-10b203,01tO4000002tFrkIAE,Walter-10B203-662980157282,0ZE7A00000001gNWAQ,Walter-EN_CA,a20O40000005k8tIAA,D-00000062
,ProDis-000294,https://thesandpaperpeople.com/products/walter-10b183,01tO4000002tFrlIAE,Walter-10B183-662980147542,0ZE7A00000001gNWAQ,Walter-EN_CA,a20O40000005k8tIAA,D-00000062
,ProDis-000295,https://thesandpaperpeople.com/products/walter-11-f-172,01tO4000002tFrmIAE,Walter-11F172-662980387665,0ZE7A00000001gNWAQ,Walter-EN_CA,a20O40000005k8tIAA,D-00000062
,ProDis-000296,https://thesandpaperpeople.com/products/walter-11h052,01tO4000002tFrnIAE,Walter-11H052-662980848616,0ZE7A00000001gNWAQ,Walter-EN_CA,a20O40000005k8tIAA,D-00000062
,ProDis-000297,https://thesandpaperpeople.com/products/walter-11a142,01tO4000002tFroIAE,Walter-11A142-662980026823,0ZE7A00000001gNWAQ,Walter-EN_CA,a20O40000005k8tIAA,D-00000062
,ProDis-000298,https://thesandpaperpeople.com/products/walter-10a203,01tO4000002tFrpIAE,Walter-10A203-662980040720,0ZE7A00000001gNWAQ,Walter-EN_CA,a20O40000005k8tIAA,D-00000062
,ProDis-000299,https://thesandpaperpeople.com/products/walter-11a121,01tO4000002tFrqIAE,Walter-11A121-662980197639,0ZE7A00000001gNWAQ,Walter-EN_CA,a20O40000005k8tIAA,D-00000062
,ProDis-000300,https://thesandpaperpeople.com/products/walter-11h062,01tO4000002tFrrIAE,Walter-11H062-662980023006,0ZE7A00000001gNWAQ,Walter-EN_CA,a20O40000005k8tIAA,D-00000062
,ProDis-000301,https://thesandpaperpeople.com/products/walter-11f162,01tO4000002tFrsIAE,Walter-11F162-662980546123,0ZE7A00000001gNWAQ,Walter-EN_CA,a20O40000005k8tIAA,D-00000062
,ProDis-000302,https://thesandpaperpeople.com/products/walter-11d122,01tO4000002tFruIAE,Walter-11D122-662980037546,0ZE7A00000001gNWAQ,Walter-EN_CA,a20O40000005k8tIAA,D-00000062
,ProDis-000303,https://thesandpaperpeople.com/products/walter-11f192,01tO4000002tFrvIAE,Walter-11F192-662980982211,0ZE7A00000001gNWAQ,Walter-EN_CA,a20O40000005k8tIAA,D-00000062
,ProDis-000304,https://thesandpaperpeople.com/products/walter-11h072,01tO4000002tFrxIAE,Walter-11H072-662980731178,0ZE7A00000001gNWAQ,Walter-EN_CA,a20O40000005k8tIAA,D-00000062
,ProDis-000305,https://thesandpaperpeople.com/products/walter-11-f-052,01tO4000002tFryIAE,Walter-11F052-662980310540,0ZE7A00000001gNWAQ,Walter-EN_CA,a20O40000005k8tIAA,D-00000062
,ProDis-000306,https://thesandpaperpeople.com/products/walter-11-f-072,01tO4000002tFs0IAE,Walter-11F072-662980320891,0ZE7A00000001gNWAQ,Walter-EN_CA,a20O40000005k8tIAA,D-00000062
,ProDis-000307,https://thesandpaperpeople.com/products/walter-10a143,01tO4000002tFs2IAE,Walter-10A143-662980229514,0ZE7A00000001gNWAQ,Walter-EN_CA,a20O40000005k8tIAA,D-00000062
,ProDis-000308,https://thesandpaperpeople.com/products/walter-11d141,01tO4000002tFs3IAE,Walter-11D141-662980216842,0ZE7A00000001gNWAQ,Walter-EN_CA,a20O40000005k8tIAA,D-00000062
,ProDis-000309,https://thesandpaperpeople.com/products/walter-10b143,01tO4000002tFs5IAE,Walter-10B143-662980097915,0ZE7A00000001gNWAQ,Walter-EN_CA,a20O40000005k8tIAA,D-00000062
,ProDis-000310,https://thesandpaperpeople.com/products/walter-11a122,01tO4000002tFs6IAE,Walter-11A122-662980003688,0ZE7A00000001gNWAQ,Walter-EN_CA,a20O40000005k8tIAA,D-00000062
,ProDis-000311,https://thesandpaperpeople.com/products/walter-10b123,01tO4000002tFs7IAE,Walter-10B123-662980008898,0ZE7A00000001gNWAQ,Walter-EN_CA,a20O40000005k8tIAA,D-00000062
,ProDis-000312,https://thesandpaperpeople.com/products/walter-11f062,01tO4000002tFs9IAE,Walter-11F062-662980874103,0ZE7A00000001gNWAQ,Walter-EN_CA,a20O40000005k8tIAA,D-00000062
,ProDis-000313,https://thesandpaperpeople.com/products/walter-10a206,01tO4000002tFsAIAU,Walter-10A206-662980008140,0ZE7A00000001gNWAQ,Walter-EN_CA,a20O40000005k8tIAA,D-00000062
,ProDis-000314,https://thesandpaperpeople.com/products/walter-11f092,01tO4000002tFsCIAU,Walter-11F092-662980301128,0ZE7A00000001gNWAQ,Walter-EN_CA,a20O40000005k8tIAA,D-00000062
,ProDis-000315,https://thesandpaperpeople.com/products/walter-11d123,01tO4000002tFsEIAU,Walter-11D123-662980246610,0ZE7A00000001gNWAQ,Walter-EN_CA,a20O40000005k8tIAA,D-00000062
,ProDis-000316,https://thesandpaperpeople.com/products/walter-10a183,01tO4000002tFsFIAU,Walter-10A183-662980235423,0ZE7A00000001gNWAQ,Walter-EN_CA,a20O40000005k8tIAA,D-00000062
,ProDis-000317,https://thesandpaperpeople.com/products/walter-11a141,01tO4000002tFsGIAU,Walter-11A141-662980087749,0ZE7A00000001gNWAQ,Walter-EN_CA,a20O40000005k8tIAA,D-00000062
,ProDis-000318,https://thesandpaperpeople.com/products/walter-11h042,01tO4000002tFsJIAU,Walter-11H042-662980564011,0ZE7A00000001gNWAQ,Walter-EN_CA,a20O40000005k8tIAA,D-00000062
,ProDis-000319,https://thesandpaperpeople.com/products/walter-11d142,01tO4000002tFsKIAU,Walter-11D142-662980064313,0ZE7A00000001gNWAQ,Walter-EN_CA,a20O40000005k8tIAA,D-00000062
,ProDis-000320,https://thesandpaperpeople.com/products/walter-11f142,01tO4000002tFsNIAU,Walter-11F142-662980617380,0ZE7A00000001gNWAQ,Walter-EN_CA,a20O40000005k8tIAA,D-00000062
,ProDis-000321,https://thesandpaperpeople.com/products/walter-10c143,01tO4000002tFsPIAU,Walter-10C143-662980063385,0ZE7A00000001gNWAQ,Walter-EN_CA,a20O40000005k8tIAA,D-00000062
,ProDis-000322,https://thesandpaperpeople.com/products/walter-11d121,01tO4000002tFsRIAU,Walter-11D121-662980020449,0ZE7A00000001gNWAQ,Walter-EN_CA,a20O40000005k8tIAA,D-00000062
,ProDis-000323,https://thesandpaperpeople.com/products/walter-11f152,01tO4000002tFsSIAU,Walter-11F152-662980423141,0ZE7A00000001gNWAQ,Walter-EN_CA,a20O40000005k8tIAA,D-00000062
,ProDis-000324,https://thesandpaperpeople.com/products/walter-11d143,01tO4000002tFsTIAU,Walter-11D143-662980053638,0ZE7A00000001gNWAQ,Walter-EN_CA,a20O40000005k8tIAA,D-00000062
,ProDis-000325,https://thesandpaperpeople.com/products/walter-11a143,01tO4000002tFsVIAU,Walter-11A143-662980189894,0ZE7A00000001gNWAQ,Walter-EN_CA,a20O40000005k8tIAA,D-00000062
,ProDis-000326,https://thesandpaperpeople.com/products/walter-10a163,01tO4000002tFsWIAU,Walter-10A163-662980035610,0ZE7A00000001gNWAQ,Walter-EN_CA,a20O40000005k8tIAA,D-00000062
,ProDis-000327,https://thesandpaperpeople.com/products/walter-10b163,01tO4000002tFsXIAU,Walter-10B163-662980047040,0ZE7A00000001gNWAQ,Walter-EN_CA,a20O40000005k8tIAA,D-00000062
,ProDis-000328,https://www.tenaquip.com/product/walter-surface-technologies-zip-stainless-right-angle-grinder-reinforced-cut-off-wheels-4-1-2-x-3-64-7-8-arbor-type-1-aluminum-oxide-13300-rpm-11f042-ns771,01tO4000002tFriIAE,Walter-11F042-662980350386,0ZE7A00000001gNWAQ,Walter-EN_CA,a20O40000005k8vIAA,D-00000064
,ProDis-000329,https://www.tenaquip.com/product/walter-surface-technologies-ripcut-ii-high-performance-cut-off-wheel-for-stationary-saws-12-x-1-8-1-arbor-type-1-aluminum-oxide-5100-rpm-10a123-ve493,01tO4000002tFrjIAE,Walter-10A123-662980036389,0ZE7A00000001gNWAQ,Walter-EN_CA,a20O40000005k8vIAA,D-00000064
,ProDis-000330,https://www.tenaquip.com/product/walter-surface-technologies-ripcut-stainless-steel-and-steel-cut-off-wheel-for-stationary-saws-20-x-3-16-1-arbor-type-1-aluminum-oxide-3000-rpm-10b203-ve491,01tO4000002tFrkIAE,Walter-10B203-662980157282,0ZE7A00000001gNWAQ,Walter-EN_CA,a20O40000005k8vIAA,D-00000064
,ProDis-000331,https://www.tenaquip.com/product/walter-surface-technologies-ripcut-stainless-steel-and-steel-cut-off-wheel-for-stationary-saws-18-x-3-16-1-arbor-type-1-aluminum-oxide-3400-rpm-10b183-ve490,01tO4000002tFrlIAE,Walter-10B183-662980147542,0ZE7A00000001gNWAQ,Walter-EN_CA,a20O40000005k8vIAA,D-00000064
,ProDis-000332,https://www.tenaquip.com/product/walter-surface-technologies-zip-stainless-right-angle-grinder-reinforced-cut-off-wheels-7-x-1-16-7-8-arbor-type-27-aluminum-oxide-8600-rpm-11f172-ns779,01tO4000002tFrmIAE,Walter-11F172-662980387665,0ZE7A00000001gNWAQ,Walter-EN_CA,a20O40000005k8vIAA,D-00000064
,ProDis-000333,https://www.tenaquip.com/product/walter-surface-technologies-zip-titan-cutting-wheel-5-x-3-64-7-8-arbor-type-1-silicon-carbide-12200-rpm-11h052-nu875,01tO4000002tFrnIAE,Walter-11H052-662980848616,0ZE7A00000001gNWAQ,Walter-EN_CA,a20O40000005k8vIAA,D-00000064
,ProDis-000334,https://www.tenaquip.com/product/walter-surface-technologies-portacut-high-speed-cut-off-wheel-14-x-1-8-7-8-arbor-type-1-aluminum-oxide-5400-rpm-11a142-vv172,01tO4000002tFroIAE,Walter-11A142-662980026823,0ZE7A00000001gNWAQ,Walter-EN_CA,a20O40000005k8vIAA,D-00000064
,ProDis-000335,https://www.tenaquip.com/product/walter-surface-technologies-ripcut-ii-high-performance-cut-off-wheel-for-stationary-saws-20-x-3-16-1-arbor-type-1-aluminum-oxide-3000-rpm-10a203-ve496,01tO4000002tFrpIAE,Walter-10A203-662980040720,0ZE7A00000001gNWAQ,Walter-EN_CA,a20O40000005k8vIAA,D-00000064
,ProDis-000336,https://www.tenaquip.com/product/walter-surface-technologies-portacut-high-speed-cut-off-wheel-12-x-1-8-3-4-arbor-type-1-aluminum-oxide-6300-rpm-11a121-vv168,01tO4000002tFrqIAE,Walter-11A121-662980197639,0ZE7A00000001gNWAQ,Walter-EN_CA,a20O40000005k8vIAA,D-00000064
,ProDis-000337,https://www.tenaquip.com/product/walter-surface-technologies-zip-titan-cutting-wheel-6-x-3-64-7-8-arbor-type-1-silicon-carbide-10200-rpm-11h062-nu876,01tO4000002tFrrIAE,Walter-11H062-662980023006,0ZE7A00000001gNWAQ,Walter-EN_CA,a20O40000005k8vIAA,D-00000064
,ProDis-000338,https://www.tenaquip.com/product/walter-surface-technologies-zip-stainless-right-angle-grinder-reinforced-cut-off-wheels-6-x-3-64-7-8-arbor-type-27-aluminum-oxide-10200-rpm-11f162-ns778,01tO4000002tFrsIAE,Walter-11F162-662980546123,0ZE7A00000001gNWAQ,Walter-EN_CA,a20O40000005k8vIAA,D-00000064
,ProDis-000339,https://www.tenaquip.com/product/walter-surface-technologies-portacut-high-speed-cut-off-wheel-12-x-1-8-7-8-arbor-type-1-silicon-carbide-6300-rpm-11d122-vv175,01tO4000002tFruIAE,Walter-11D122-662980037546,0ZE7A00000001gNWAQ,Walter-EN_CA,a20O40000005k8vIAA,D-00000064
,ProDis-000340,https://www.tenaquip.com/product/walter-surface-technologies-zip-stainless-right-angle-grinder-reinforced-cut-off-wheels-9-x-5-64-7-8-arbor-type-27-aluminum-oxide-6800-rpm-11f192-ns780,01tO4000002tFrvIAE,Walter-11F192-662980982211,0ZE7A00000001gNWAQ,Walter-EN_CA,a20O40000005k8vIAA,D-00000064
,ProDis-000341,https://www.tenaquip.com/product/walter-surface-technologies-zip-titan-cutting-wheel-7-x-1-16-7-8-arbor-type-1-silicon-carbide-8600-rpm-11h072-nik694,01tO4000002tFrxIAE,Walter-11H072-662980731178,0ZE7A00000001gNWAQ,Walter-EN_CA,a20O40000005k8vIAA,D-00000064
,ProDis-000342,https://www.tenaquip.com/product/walter-surface-technologies-zip-stainless-right-angle-grinder-reinforced-cut-off-wheels-5-x-3-64-7-8-arbor-type-1-aluminum-oxide-12200-rpm-11f052-ns772,01tO4000002tFryIAE,Walter-11F052-662980310540,0ZE7A00000001gNWAQ,Walter-EN_CA,a20O40000005k8vIAA,D-00000064
,ProDis-000343,https://www.tenaquip.com/product/walter-surface-technologies-zip-stainless-right-angle-grinder-reinforced-cut-off-wheels-7-x-1-16-7-8-arbor-type-1-aluminum-oxide-8600-rpm-11f072-ns774,01tO4000002tFs0IAE,Walter-11F072-662980320891,0ZE7A00000001gNWAQ,Walter-EN_CA,a20O40000005k8vIAA,D-00000064
,ProDis-000344,https://www.tenaquip.com/product/walter-surface-technologies-ripcut-ii-high-performance-cut-off-wheel-for-stationary-saws-14-x-1-8-1-arbor-type-1-aluminum-oxide-4400-rpm-10a143-ve494,01tO4000002tFs2IAE,Walter-10A143-662980229514,0ZE7A00000001gNWAQ,Walter-EN_CA,a20O40000005k8vIAA,D-00000064
,ProDis-000345,https://www.tenaquip.com/product/walter-surface-technologies-portacut-high-speed-cut-off-wheel-14-x-1-8-3-4-arbor-type-1-silicon-carbide-5400-rpm-11d141-vv177,01tO4000002tFs3IAE,Walter-11D141-662980216842,0ZE7A00000001gNWAQ,Walter-EN_CA,a20O40000005k8vIAA,D-00000064
,ProDis-000346,https://www.tenaquip.com/product/walter-surface-technologies-ripcut-stainless-steel-and-steel-cut-off-wheel-for-stationary-saws-14-x-1-8-1-arbor-type-1-aluminum-oxide-4400-rpm-10b143-ve489,01tO4000002tFs5IAE,Walter-10B143-662980097915,0ZE7A00000001gNWAQ,Walter-EN_CA,a20O40000005k8vIAA,D-00000064
,ProDis-000347,https://www.tenaquip.com/product/walter-surface-technologies-portacut-high-speed-cut-off-wheel-12-x-1-8-7-8-arbor-type-1-aluminum-oxide-6300-rpm-11a122-vv169,01tO4000002tFs6IAE,Walter-11A122-662980003688,0ZE7A00000001gNWAQ,Walter-EN_CA,a20O40000005k8vIAA,D-00000064
,ProDis-000348,https://www.tenaquip.com/product/walter-surface-technologies-ripcut-stainless-steel-and-steel-cut-off-wheel-for-stationary-saws-12-x-1-8-1-arbor-type-1-aluminum-oxide-5100-rpm-10b123-yc431,01tO4000002tFs7IAE,Walter-10B123-662980008898,0ZE7A00000001gNWAQ,Walter-EN_CA,a20O40000005k8vIAA,D-00000064
,ProDis-000349,https://www.tenaquip.com/product/walter-surface-technologies-zip-stainless-right-angle-grinder-reinforced-cut-off-wheels-6-x-3-64-7-8-arbor-type-1-aluminum-oxide-10200-rpm-11f062-ns773,01tO4000002tFs9IAE,Walter-11F062-662980874103,0ZE7A00000001gNWAQ,Walter-EN_CA,a20O40000005k8vIAA,D-00000064
,ProDis-000350,https://www.tenaquip.com/product/walter-surface-technologies-ripcut-ii-high-performance-cut-off-wheel-for-stationary-saws-20-x-3-16-40-mm-arbor-type-1-aluminum-oxide-3000-rpm-10a206-ve497,01tO4000002tFsAIAU,Walter-10A206-662980008140,0ZE7A00000001gNWAQ,Walter-EN_CA,a20O40000005k8vIAA,D-00000064
,ProDis-000351,https://www.tenaquip.com/product/walter-surface-technologies-zip-stainless-right-angle-grinder-reinforced-cut-off-wheels-9-x-5-64-7-8-arbor-type-1-aluminum-oxide-6800-rpm-11f092-ns775,01tO4000002tFsCIAU,Walter-11F092-662980301128,0ZE7A00000001gNWAQ,Walter-EN_CA,a20O40000005k8vIAA,D-00000064
,ProDis-000352,https://www.tenaquip.com/product/walter-surface-technologies-portacut-high-speed-cut-off-wheel-12-x-1-8-1-arbor-type-1-silicon-carbide-6300-rpm-11d123-vv176,01tO4000002tFsEIAU,Walter-11D123-662980246610,0ZE7A00000001gNWAQ,Walter-EN_CA,a20O40000005k8vIAA,D-00000064
,ProDis-000353,https://www.tenaquip.com/product/walter-surface-technologies-ripcut-ii-high-performance-cut-off-wheel-for-stationary-saws-18-x-3-16-1-arbor-type-1-aluminum-oxide-3400-rpm-10a183-ve495,01tO4000002tFsFIAU,Walter-10A183-662980235423,0ZE7A00000001gNWAQ,Walter-EN_CA,a20O40000005k8vIAA,D-00000064
,ProDis-000354,https://www.tenaquip.com/product/walter-surface-technologies-portacut-high-speed-cut-off-wheel-14-x-1-8-3-4-arbor-type-1-aluminum-oxide-5400-rpm-11a141-vv171,01tO4000002tFsGIAU,Walter-11A141-662980087749,0ZE7A00000001gNWAQ,Walter-EN_CA,a20O40000005k8vIAA,D-00000064
,ProDis-000355,https://www.tenaquip.com/product/walter-surface-technologies-zip-titan-cutting-wheel-4-1-2-x-3-64-7-8-arbor-type-1-silicon-carbide-13300-rpm-11h042-nu874,01tO4000002tFsJIAU,Walter-11H042-662980564011,0ZE7A00000001gNWAQ,Walter-EN_CA,a20O40000005k8vIAA,D-00000064
,ProDis-000356,https://www.tenaquip.com/product/walter-surface-technologies-portacut-high-speed-cut-off-wheel-14-x-1-8-7-8-arbor-type-1-silicon-carbide-5400-rpm-11d142-vv178,01tO4000002tFsKIAU,Walter-11D142-662980064313,0ZE7A00000001gNWAQ,Walter-EN_CA,a20O40000005k8vIAA,D-00000064
,ProDis-000357,https://www.tenaquip.com/product/walter-surface-technologies-zip-stainless-right-angle-grinder-reinforced-cut-off-wheels-4-1-2-x-3-64-7-8-arbor-type-27-aluminum-oxide-13300-rpm-11f142-ns776,01tO4000002tFsNIAU,Walter-11F142-662980617380,0ZE7A00000001gNWAQ,Walter-EN_CA,a20O40000005k8vIAA,D-00000064
,ProDis-000358,https://www.tenaquip.com/product/walter-surface-technologies-portacut-high-speed-cut-off-wheel-12-x-1-8-1-arbor-type-1-aluminum-oxide-6300-rpm-11a123-vv170,01tO4000002tFsOIAU,Walter-11A123-662980150092,0ZE7A00000001gNWAQ,Walter-EN_CA,a20O40000005k8vIAA,D-00000064
,ProDis-000359,https://www.tenaquip.com/product/walter-surface-technologies-ripcut-stainless-steel-cut-off-wheel-for-stationary-saws-14-x-1-8-1-arbor-type-1-aluminum-oxide-4400-rpm-10c143-wn964,01tO4000002tFsPIAU,Walter-10C143-662980063385,0ZE7A00000001gNWAQ,Walter-EN_CA,a20O40000005k8vIAA,D-00000064
,ProDis-000360,https://www.tenaquip.com/product/walter-surface-technologies-portacut-high-speed-cut-off-wheel-12-x-1-8-3-4-arbor-type-1-silicon-carbide-6300-rpm-11d121-vv174,01tO4000002tFsRIAU,Walter-11D121-662980020449,0ZE7A00000001gNWAQ,Walter-EN_CA,a20O40000005k8vIAA,D-00000064
,ProDis-000361,https://www.tenaquip.com/product/walter-surface-technologies-zip-stainless-right-angle-grinder-reinforced-cut-off-wheels-5-x-3-64-7-8-arbor-type-27-aluminum-oxide-12200-rpm-11f152-ns777,01tO4000002tFsSIAU,Walter-11F152-662980423141,0ZE7A00000001gNWAQ,Walter-EN_CA,a20O40000005k8vIAA,D-00000064
,ProDis-000362,https://www.tenaquip.com/product/walter-surface-technologies-portacut-high-speed-cut-off-wheel-14-x-1-8-1-arbor-type-1-silicon-carbide-5400-rpm-11d143-vv179,01tO4000002tFsTIAU,Walter-11D143-662980053638,0ZE7A00000001gNWAQ,Walter-EN_CA,a20O40000005k8vIAA,D-00000064
,ProDis-000363,https://www.tenaquip.com/product/walter-surface-technologies-portacut-high-speed-cut-off-wheel-14-x-1-8-1-arbor-type-1-aluminum-oxide-5400-rpm-11a143-vv173,01tO4000002tFsVIAU,Walter-11A143-662980189894,0ZE7A00000001gNWAQ,Walter-EN_CA,a20O40000005k8vIAA,D-00000064
,ProDis-000364,https://www.tenaquip.com/product/walter-surface-technologies-ripcut-ii-high-performance-cut-off-wheel-for-stationary-saws-16-x-5-32-1-arbor-type-1-aluminum-oxide-3800-rpm-10a163-tav067,01tO4000002tFsWIAU,Walter-10A163-662980035610,0ZE7A00000001gNWAQ,Walter-EN_CA,a20O40000005k8vIAA,D-00000064
,ProDis-000365,https://www.tenaquip.com/product/walter-surface-technologies-ripcut-stainless-steel-and-steel-cut-off-wheel-for-stationary-saws-16-x-5-32-1-arbor-type-1-aluminum-oxide-3800-rpm-10b163-yc479,01tO4000002tFsXIAU,Walter-10B163-662980047040,0ZE7A00000001gNWAQ,Walter-EN_CA,a20O40000005k8vIAA,D-00000064
,ProDis-000366,https://sbsimpson.com/product/walter-11f042-zip-stainless-cut-off-wheel-4-1-2x3-64x7-8-abrasives-25-00290/,01tO4000002tFriIAE,Walter-11F042-662980350386,0ZE7A00000001gNWAQ,Walter-EN_CA,a20O40000005k8zIAA,D-00000068
,ProDis-000367,https://sbsimpson.com/product/walter-10a123-ripcut-ii-cut-off-wheel-12x1-8x1-abrasives-25-00864/,01tO4000002tFrjIAE,Walter-10A123-662980036389,0ZE7A00000001gNWAQ,Walter-EN_CA,a20O40000005k8zIAA,D-00000068
,ProDis-000368,https://sbsimpson.com/product/walter-10b203-ripcut-cut-off-wheel-20x3-16x1-abrasives-25-00352/,01tO4000002tFrkIAE,Walter-10B203-662980157282,0ZE7A00000001gNWAQ,Walter-EN_CA,a20O40000005k8zIAA,D-00000068
,ProDis-000369,https://sbsimpson.com/product/walter-10b183-ripcut-cut-off-wheel-18x3-16x1-abrasives-25-01548/,01tO4000002tFrlIAE,Walter-10B183-662980147542,0ZE7A00000001gNWAQ,Walter-EN_CA,a20O40000005k8zIAA,D-00000068
,ProDis-000370,https://sbsimpson.com/product/walter-11f172-zip-stainless-dep-ctr-cut-off-wheel-7x1-16x7-8-abrasives-25-01549/,01tO4000002tFrmIAE,Walter-11F172-662980387665,0ZE7A00000001gNWAQ,Walter-EN_CA,a20O40000005k8zIAA,D-00000068
,ProDis-000371,https://sbsimpson.com/product/walter-11a142-portacut-cut-off-wheel-14x1-8x7-8-abrasives-25-01262/,01tO4000002tFroIAE,Walter-11A142-662980026823,0ZE7A00000001gNWAQ,Walter-EN_CA,a20O40000005k8zIAA,D-00000068
,ProDis-000372,https://sbsimpson.com/product/walter-10a203-ripcut-ii-cut-off-wheel-20x3-16x1-abrasives-25-01330/,01tO4000002tFrpIAE,Walter-10A203-662980040720,0ZE7A00000001gNWAQ,Walter-EN_CA,a20O40000005k8zIAA,D-00000068
,ProDis-000373,https://sbsimpson.com/product/walter-11a121-portacut-cut-off-wheel-12x1-8x20mm-abrasives-25-00477/,01tO4000002tFrqIAE,Walter-11A121-662980197639,0ZE7A00000001gNWAQ,Walter-EN_CA,a20O40000005k8zIAA,D-00000068
,ProDis-000374,https://sbsimpson.com/product/walter-11f052-zip-stainless-cut-off-wheel-5x3-64x7-8-abrasives-25-00292/,01tO4000002tFryIAE,Walter-11F052-662980310540,0ZE7A00000001gNWAQ,Walter-EN_CA,a20O40000005k8zIAA,D-00000068
,ProDis-000375,https://sbsimpson.com/product/walter-11f072-zip-stainless-cut-off-wheel-7x1-16x7-8-abrasives-25-00334/,01tO4000002tFs0IAE,Walter-11F072-662980320891,0ZE7A00000001gNWAQ,Walter-EN_CA,a20O40000005k8zIAA,D-00000068
,ProDis-000376,https://sbsimpson.com/product/walter-10a143-ripcut-ii-cut-off-wheel-14x1-8x1-abrasives-25-01341/,01tO4000002tFs2IAE,Walter-10A143-662980229514,0ZE7A00000001gNWAQ,Walter-EN_CA,a20O40000005k8zIAA,D-00000068
,ProDis-000377,https://sbsimpson.com/product/walter-11d141-portacut-cut-off-wheel-14x1-8x20mm-abrasives-25-01342/,01tO4000002tFs3IAE,Walter-11D141-662980216842,0ZE7A00000001gNWAQ,Walter-EN_CA,a20O40000005k8zIAA,D-00000068
,ProDis-000378,https://sbsimpson.com/product/walter-10b143-ripcut-cut-off-wheel-14x1-8x1-abrasives-25-01343/,01tO4000002tFs5IAE,Walter-10B143-662980097915,0ZE7A00000001gNWAQ,Walter-EN_CA,a20O40000005k8zIAA,D-00000068
,ProDis-000379,https://sbsimpson.com/product/walter-11f062-zip-stainless-cut-off-wheel-6x3-64x7-8-abrasives-25-00333/,01tO4000002tFs9IAE,Walter-11F062-662980874103,0ZE7A00000001gNWAQ,Walter-EN_CA,a20O40000005k8zIAA,D-00000068
,ProDis-000380,https://sbsimpson.com/product/walter-10a206-ripcut-ii-cut-off-wheel-20x3-16x40mm-abrasives-25-01331/,01tO4000002tFsAIAU,Walter-10A206-662980008140,0ZE7A00000001gNWAQ,Walter-EN_CA,a20O40000005k8zIAA,D-00000068
,ProDis-000381,https://sbsimpson.com/product/walter-11a141-portacut-cut-off-wheel-14x1-8x20mm-abrasives-25-01332/,01tO4000002tFsGIAU,Walter-11A141-662980087749,0ZE7A00000001gNWAQ,Walter-EN_CA,a20O40000005k8zIAA,D-00000068
,ProDis-000382,https://sbsimpson.com/product/walter-11h042-zip-titan-cut-off-wheel-4-1-2in-abrasives-25-01280/,01tO4000002tFsJIAU,Walter-11H042-662980564011,0ZE7A00000001gNWAQ,Walter-EN_CA,a20O40000005k8zIAA,D-00000068
,ProDis-000383,https://sbsimpson.com/product/walter-11f142-zip-stainless-dep-ctr-cut-off-wheel-4-1-2x3-64x7-8-abrasives-25-01229/,01tO4000002tFsNIAU,Walter-11F142-662980617380,0ZE7A00000001gNWAQ,Walter-EN_CA,a20O40000005k8zIAA,D-00000068
,ProDis-000384,https://sbsimpson.com/product/walter-11a123-portacut-cut-off-wheel-12x1-8x1-abrasives-25-01255/,01tO4000002tFsOIAU,Walter-11A123-662980150092,0ZE7A00000001gNWAQ,Walter-EN_CA,a20O40000005k8zIAA,D-00000068
,ProDis-000385,https://sbsimpson.com/product/walter-10c143-ripcut-cut-off-wheel-14x1-8x1-for-stainless-abrasives-25-00711/,01tO4000002tFsPIAU,Walter-10C143-662980063385,0ZE7A00000001gNWAQ,Walter-EN_CA,a20O40000005k8zIAA,D-00000068
,ProDis-000386,https://sbsimpson.com/product/walter-11d121-portacut-cut-off-wheel-12x1-8x20mm-abrasives-25-00481/,01tO4000002tFsRIAU,Walter-11D121-662980020449,0ZE7A00000001gNWAQ,Walter-EN_CA,a20O40000005k8zIAA,D-00000068
,ProDis-000387,https://sbsimpson.com/product/walter-11f152-zip-stainless-dep-ctr-cut-off-wheel-5x3-64x7-8-abrasives-25-00294/,01tO4000002tFsSIAU,Walter-11F152-662980423141,0ZE7A00000001gNWAQ,Walter-EN_CA,a20O40000005k8zIAA,D-00000068
,ProDis-000388,https://sbsimpson.com/product/walter-11d143-portacut-cut-off-wheel-14x1-8x1-abrasives-25-01259/,01tO4000002tFsTIAU,Walter-11D143-662980053638,0ZE7A00000001gNWAQ,Walter-EN_CA,a20O40000005k8zIAA,D-00000068
,ProDis-000389,https://sbsimpson.com/product/walter-11a143-portacut-cut-off-wheel-14x1-8x1-abrasives-25-01258/,01tO4000002tFsVIAU,Walter-11A143-662980189894,0ZE7A00000001gNWAQ,Walter-EN_CA,a20O40000005k8zIAA,D-00000068
,ProDis-000390,https://ohcanadasupply.ca/product/wal11f042,01tO4000002tFriIAE,Walter-11F042-662980350386,0ZE7A00000001gNWAQ,Walter-EN_CA,a20O40000005k90IAA,D-00000069
,ProDis-000391,https://ohcanadasupply.ca/product/wal10a123,01tO4000002tFrjIAE,Walter-10A123-662980036389,0ZE7A00000001gNWAQ,Walter-EN_CA,a20O40000005k90IAA,D-00000069
,ProDis-000392,https://ohcanadasupply.ca/product/wal10b203,01tO4000002tFrkIAE,Walter-10B203-662980157282,0ZE7A00000001gNWAQ,Walter-EN_CA,a20O40000005k90IAA,D-00000069
,ProDis-000393,https://ohcanadasupply.ca/product/wal10b183,01tO4000002tFrlIAE,Walter-10B183-662980147542,0ZE7A00000001gNWAQ,Walter-EN_CA,a20O40000005k90IAA,D-00000069
,ProDis-000394,https://ohcanadasupply.ca/product/wal11f172,01tO4000002tFrmIAE,Walter-11F172-662980387665,0ZE7A00000001gNWAQ,Walter-EN_CA,a20O40000005k90IAA,D-00000069
,ProDis-000395,https://ohcanadasupply.ca/product/wal11a142,01tO4000002tFroIAE,Walter-11A142-662980026823,0ZE7A00000001gNWAQ,Walter-EN_CA,a20O40000005k90IAA,D-00000069
,ProDis-000396,https://ohcanadasupply.ca/product/wal10a203,01tO4000002tFrpIAE,Walter-10A203-662980040720,0ZE7A00000001gNWAQ,Walter-EN_CA,a20O40000005k90IAA,D-00000069
,ProDis-000397,https://ohcanadasupply.ca/product/wal11a121,01tO4000002tFrqIAE,Walter-11A121-662980197639,0ZE7A00000001gNWAQ,Walter-EN_CA,a20O40000005k90IAA,D-00000069
,ProDis-000398,https://ohcanadasupply.ca/product/wal11f162,01tO4000002tFrsIAE,Walter-11F162-662980546123,0ZE7A00000001gNWAQ,Walter-EN_CA,a20O40000005k90IAA,D-00000069
,ProDis-000399,https://ohcanadasupply.ca/product/wal11d122,01tO4000002tFruIAE,Walter-11D122-662980037546,0ZE7A00000001gNWAQ,Walter-EN_CA,a20O40000005k90IAA,D-00000069
,ProDis-000400,https://ohcanadasupply.ca/product/wal11f192,01tO4000002tFrvIAE,Walter-11F192-662980982211,0ZE7A00000001gNWAQ,Walter-EN_CA,a20O40000005k90IAA,D-00000069
,ProDis-000401,https://ohcanadasupply.ca/product/wal11f052,01tO4000002tFryIAE,Walter-11F052-662980310540,0ZE7A00000001gNWAQ,Walter-EN_CA,a20O40000005k90IAA,D-00000069
,ProDis-000402,https://ohcanadasupply.ca/product/wal11f072,01tO4000002tFs0IAE,Walter-11F072-662980320891,0ZE7A00000001gNWAQ,Walter-EN_CA,a20O40000005k90IAA,D-00000069
,ProDis-000403,https://ohcanadasupply.ca/product/wal10a143,01tO4000002tFs2IAE,Walter-10A143-662980229514,0ZE7A00000001gNWAQ,Walter-EN_CA,a20O40000005k90IAA,D-00000069
,ProDis-000404,https://ohcanadasupply.ca/product/wal11d141,01tO4000002tFs3IAE,Walter-11D141-662980216842,0ZE7A00000001gNWAQ,Walter-EN_CA,a20O40000005k90IAA,D-00000069
,ProDis-000405,https://ohcanadasupply.ca/product/wal10b143,01tO4000002tFs5IAE,Walter-10B143-662980097915,0ZE7A00000001gNWAQ,Walter-EN_CA,a20O40000005k90IAA,D-00000069
,ProDis-000406,https://ohcanadasupply.ca/product/wal11a122,01tO4000002tFs6IAE,Walter-11A122-662980003688,0ZE7A00000001gNWAQ,Walter-EN_CA,a20O40000005k90IAA,D-00000069
,ProDis-000407,https://ohcanadasupply.ca/product/wal10b123,01tO4000002tFs7IAE,Walter-10B123-662980008898,0ZE7A00000001gNWAQ,Walter-EN_CA,a20O40000005k90IAA,D-00000069
,ProDis-000408,https://ohcanadasupply.ca/product/wal11f062,01tO4000002tFs9IAE,Walter-11F062-662980874103,0ZE7A00000001gNWAQ,Walter-EN_CA,a20O40000005k90IAA,D-00000069
,ProDis-000409,https://ohcanadasupply.ca/product/wal10a206,01tO4000002tFsAIAU,Walter-10A206-662980008140,0ZE7A00000001gNWAQ,Walter-EN_CA,a20O40000005k90IAA,D-00000069
,ProDis-000410,https://ohcanadasupply.ca/product/wal11f092,01tO4000002tFsCIAU,Walter-11F092-662980301128,0ZE7A00000001gNWAQ,Walter-EN_CA,a20O40000005k90IAA,D-00000069
,ProDis-000411,https://ohcanadasupply.ca/product/wal11d123,01tO4000002tFsEIAU,Walter-11D123-662980246610,0ZE7A00000001gNWAQ,Walter-EN_CA,a20O40000005k90IAA,D-00000069
,ProDis-000412,https://ohcanadasupply.ca/product/wal10a183,01tO4000002tFsFIAU,Walter-10A183-662980235423,0ZE7A00000001gNWAQ,Walter-EN_CA,a20O40000005k90IAA,D-00000069
,ProDis-000413,https://ohcanadasupply.ca/product/wal11a141,01tO4000002tFsGIAU,Walter-11A141-662980087749,0ZE7A00000001gNWAQ,Walter-EN_CA,a20O40000005k90IAA,D-00000069
,ProDis-000414,https://ohcanadasupply.ca/product/wal11d142,01tO4000002tFsKIAU,Walter-11D142-662980064313,0ZE7A00000001gNWAQ,Walter-EN_CA,a20O40000005k90IAA,D-00000069
,ProDis-000415,https://ohcanadasupply.ca/product/wal11f142,01tO4000002tFsNIAU,Walter-11F142-662980617380,0ZE7A00000001gNWAQ,Walter-EN_CA,a20O40000005k90IAA,D-00000069
,ProDis-000416,https://ohcanadasupply.ca/product/wal11a123,01tO4000002tFsOIAU,Walter-11A123-662980150092,0ZE7A00000001gNWAQ,Walter-EN_CA,a20O40000005k90IAA,D-00000069
,ProDis-000417,https://ohcanadasupply.ca/product/wal10c143,01tO4000002tFsPIAU,Walter-10C143-662980063385,0ZE7A00000001gNWAQ,Walter-EN_CA,a20O40000005k90IAA,D-00000069
,ProDis-000418,https://ohcanadasupply.ca/product/wal11d121,01tO4000002tFsRIAU,Walter-11D121-662980020449,0ZE7A00000001gNWAQ,Walter-EN_CA,a20O40000005k90IAA,D-00000069
,ProDis-000419,https://ohcanadasupply.ca/product/wal11f152,01tO4000002tFsSIAU,Walter-11F152-662980423141,0ZE7A00000001gNWAQ,Walter-EN_CA,a20O40000005k90IAA,D-00000069
,ProDis-000420,https://ohcanadasupply.ca/product/wal11d143,01tO4000002tFsTIAU,Walter-11D143-662980053638,0ZE7A00000001gNWAQ,Walter-EN_CA,a20O40000005k90IAA,D-00000069
,ProDis-000421,https://ohcanadasupply.ca/product/wal11a143,01tO4000002tFsVIAU,Walter-11A143-662980189894,0ZE7A00000001gNWAQ,Walter-EN_CA,a20O40000005k90IAA,D-00000069
,ProDis-000422,https://ohcanadasupply.ca/product/wal10a163,01tO4000002tFsWIAU,Walter-10A163-662980035610,0ZE7A00000001gNWAQ,Walter-EN_CA,a20O40000005k90IAA,D-00000069
,ProDis-000423,https://ohcanadasupply.ca/product/wal10b163,01tO4000002tFsXIAU,Walter-10B163-662980047040,0ZE7A00000001gNWAQ,Walter-EN_CA,a20O40000005k90IAA,D-00000069
,ProDis-000424,https://www.mississaugahardware.com/product/walter-11f052-zip-stainless-5in-x-364in/Default.aspx,01tO4000002tFryIAE,Walter-11F052-662980310540,0ZE7A00000001gNWAQ,Walter-EN_CA,a20O40000005k8uIAA,D-00000063
,ProDis-000425,https://www.mississaugahardware.com/product/walter-11f152-zip-stainless-5in-x-364in-type-27/Default.aspx,01tO4000002tFsSIAU,Walter-11F152-662980423141,0ZE7A00000001gNWAQ,Walter-EN_CA,a20O40000005k8uIAA,D-00000063
,ProDis-000426,https://www.lethfast.ca/products/wlt11d143,01tO4000002tFsTIAU,Walter-11D143-662980053638,0ZE7A00000001gNWAQ,Walter-EN_CA,a20O40000005k8rIAA,D-00000060
,ProDis-000427,https://greggdistributors.ca/product/wal11f042,01tO4000002tFriIAE,Walter-11F042-662980350386,0ZE7A00000001gNWAQ,Walter-EN_CA,a20O40000005k93IAA,D-00000072
,ProDis-000428,https://greggdistributors.ca/product/wal10a123,01tO4000002tFrjIAE,Walter-10A123-662980036389,0ZE7A00000001gNWAQ,Walter-EN_CA,a20O40000005k93IAA,D-00000072
,ProDis-000429,https://greggdistributors.ca/product/wal10b203,01tO4000002tFrkIAE,Walter-10B203-662980157282,0ZE7A00000001gNWAQ,Walter-EN_CA,a20O40000005k93IAA,D-00000072
,ProDis-000430,https://greggdistributors.ca/product/wal10b183,01tO4000002tFrlIAE,Walter-10B183-662980147542,0ZE7A00000001gNWAQ,Walter-EN_CA,a20O40000005k93IAA,D-00000072
,ProDis-000431,https://greggdistributors.ca/product/wal11f172,01tO4000002tFrmIAE,Walter-11F172-662980387665,0ZE7A00000001gNWAQ,Walter-EN_CA,a20O40000005k93IAA,D-00000072
,ProDis-000432,https://greggdistributors.ca/product/wal11a142,01tO4000002tFroIAE,Walter-11A142-662980026823,0ZE7A00000001gNWAQ,Walter-EN_CA,a20O40000005k93IAA,D-00000072
,ProDis-000433,https://greggdistributors.ca/product/wal10a203,01tO4000002tFrpIAE,Walter-10A203-662980040720,0ZE7A00000001gNWAQ,Walter-EN_CA,a20O40000005k93IAA,D-00000072
,ProDis-000434,https://greggdistributors.ca/product/wal11a121,01tO4000002tFrqIAE,Walter-11A121-662980197639,0ZE7A00000001gNWAQ,Walter-EN_CA,a20O40000005k93IAA,D-00000072
,ProDis-000435,https://greggdistributors.ca/product/wal11f162,01tO4000002tFrsIAE,Walter-11F162-662980546123,0ZE7A00000001gNWAQ,Walter-EN_CA,a20O40000005k93IAA,D-00000072
,ProDis-000436,https://greggdistributors.ca/product/wal11d122,01tO4000002tFruIAE,Walter-11D122-662980037546,0ZE7A00000001gNWAQ,Walter-EN_CA,a20O40000005k93IAA,D-00000072
,ProDis-000437,https://greggdistributors.ca/product/wal11f192,01tO4000002tFrvIAE,Walter-11F192-662980982211,0ZE7A00000001gNWAQ,Walter-EN_CA,a20O40000005k93IAA,D-00000072
,ProDis-000438,https://greggdistributors.ca/product/wal11f052,01tO4000002tFryIAE,Walter-11F052-662980310540,0ZE7A00000001gNWAQ,Walter-EN_CA,a20O40000005k93IAA,D-00000072
,ProDis-000439,https://greggdistributors.ca/product/wal11f072,01tO4000002tFs0IAE,Walter-11F072-662980320891,0ZE7A00000001gNWAQ,Walter-EN_CA,a20O40000005k93IAA,D-00000072
,ProDis-000440,https://greggdistributors.ca/product/wal10a143,01tO4000002tFs2IAE,Walter-10A143-662980229514,0ZE7A00000001gNWAQ,Walter-EN_CA,a20O40000005k93IAA,D-00000072
,ProDis-000441,https://greggdistributors.ca/product/wal11d141,01tO4000002tFs3IAE,Walter-11D141-662980216842,0ZE7A00000001gNWAQ,Walter-EN_CA,a20O40000005k93IAA,D-00000072
,ProDis-000442,https://greggdistributors.ca/product/wal10b143,01tO4000002tFs5IAE,Walter-10B143-662980097915,0ZE7A00000001gNWAQ,Walter-EN_CA,a20O40000005k93IAA,D-00000072
,ProDis-000443,https://greggdistributors.ca/product/wal11a122,01tO4000002tFs6IAE,Walter-11A122-662980003688,0ZE7A00000001gNWAQ,Walter-EN_CA,a20O40000005k93IAA,D-00000072
,ProDis-000444,https://greggdistributors.ca/product/wal10b123,01tO4000002tFs7IAE,Walter-10B123-662980008898,0ZE7A00000001gNWAQ,Walter-EN_CA,a20O40000005k93IAA,D-00000072
,ProDis-000445,https://greggdistributors.ca/product/wal11f062,01tO4000002tFs9IAE,Walter-11F062-662980874103,0ZE7A00000001gNWAQ,Walter-EN_CA,a20O40000005k93IAA,D-00000072
,ProDis-000446,https://greggdistributors.ca/product/wal10a206,01tO4000002tFsAIAU,Walter-10A206-662980008140,0ZE7A00000001gNWAQ,Walter-EN_CA,a20O40000005k93IAA,D-00000072
,ProDis-000447,https://greggdistributors.ca/product/wal11f092,01tO4000002tFsCIAU,Walter-11F092-662980301128,0ZE7A00000001gNWAQ,Walter-EN_CA,a20O40000005k93IAA,D-00000072
,ProDis-000448,https://greggdistributors.ca/product/wal11d123,01tO4000002tFsEIAU,Walter-11D123-662980246610,0ZE7A00000001gNWAQ,Walter-EN_CA,a20O40000005k93IAA,D-00000072
,ProDis-000449,https://greggdistributors.ca/product/wal10a183,01tO4000002tFsFIAU,Walter-10A183-662980235423,0ZE7A00000001gNWAQ,Walter-EN_CA,a20O40000005k93IAA,D-00000072
,ProDis-000450,https://greggdistributors.ca/product/wal11a141,01tO4000002tFsGIAU,Walter-11A141-662980087749,0ZE7A00000001gNWAQ,Walter-EN_CA,a20O40000005k93IAA,D-00000072
,ProDis-000451,https://greggdistributors.ca/product/wal11d142,01tO4000002tFsKIAU,Walter-11D142-662980064313,0ZE7A00000001gNWAQ,Walter-EN_CA,a20O40000005k93IAA,D-00000072
,ProDis-000452,https://greggdistributors.ca/product/wal11f142,01tO4000002tFsNIAU,Walter-11F142-662980617380,0ZE7A00000001gNWAQ,Walter-EN_CA,a20O40000005k93IAA,D-00000072
,ProDis-000453,https://greggdistributors.ca/product/wal11a123,01tO4000002tFsOIAU,Walter-11A123-662980150092,0ZE7A00000001gNWAQ,Walter-EN_CA,a20O40000005k93IAA,D-00000072
,ProDis-000454,https://greggdistributors.ca/product/wal10c143,01tO4000002tFsPIAU,Walter-10C143-662980063385,0ZE7A00000001gNWAQ,Walter-EN_CA,a20O40000005k93IAA,D-00000072
,ProDis-000455,https://greggdistributors.ca/product/wal11d121,01tO4000002tFsRIAU,Walter-11D121-662980020449,0ZE7A00000001gNWAQ,Walter-EN_CA,a20O40000005k93IAA,D-00000072
,ProDis-000456,https://greggdistributors.ca/product/wal11f152,01tO4000002tFsSIAU,Walter-11F152-662980423141,0ZE7A00000001gNWAQ,Walter-EN_CA,a20O40000005k93IAA,D-00000072
,ProDis-000457,https://greggdistributors.ca/product/wal11d143,01tO4000002tFsTIAU,Walter-11D143-662980053638,0ZE7A00000001gNWAQ,Walter-EN_CA,a20O40000005k93IAA,D-00000072
,ProDis-000458,https://greggdistributors.ca/product/wal11a143,01tO4000002tFsVIAU,Walter-11A143-662980189894,0ZE7A00000001gNWAQ,Walter-EN_CA,a20O40000005k93IAA,D-00000072
,ProDis-000459,https://greggdistributors.ca/product/wal10a163,01tO4000002tFsWIAU,Walter-10A163-662980035610,0ZE7A00000001gNWAQ,Walter-EN_CA,a20O40000005k93IAA,D-00000072
,ProDis-000460,https://greggdistributors.ca/product/wal10b163,01tO4000002tFsXIAU,Walter-10B163-662980047040,0ZE7A00000001gNWAQ,Walter-EN_CA,a20O40000005k93IAA,D-00000072
,ProDis-000461,https://www.fasteninghouse.com/product-details/manufacture/4-1-2x3-64-zip-st/,01tO4000002tFriIAE,Walter-11F042-662980350386,0ZE7A00000001gNWAQ,Walter-EN_CA,a20O40000005k8sIAA,D-00000061
,ProDis-000462,https://www.fasteninghouse.com/product-details/manufacture/12-x20mm-a24-portacut-wheel/,01tO4000002tFrqIAE,Walter-11A121-662980197639,0ZE7A00000001gNWAQ,Walter-EN_CA,a20O40000005k8sIAA,D-00000061
,ProDis-000463,https://www.fasteninghouse.com/product-details/manufacture/5-x3-64-zip-stainless/,01tO4000002tFryIAE,Walter-11F052-662980310540,0ZE7A00000001gNWAQ,Walter-EN_CA,a20O40000005k8sIAA,D-00000061
,ProDis-000464,https://www.fasteninghouse.com/product-details/manufacture/14x20mm-c24-portacut-wheel/,01tO4000002tFs3IAE,Walter-11D141-662980216842,0ZE7A00000001gNWAQ,Walter-EN_CA,a20O40000005k8sIAA,D-00000061
,ProDis-000465,https://www.fasteninghouse.com/product-details/manufacture/14-x20mm-a24-portacut-wheel/,01tO4000002tFsGIAU,Walter-11A141-662980087749,0ZE7A00000001gNWAQ,Walter-EN_CA,a20O40000005k8sIAA,D-00000061
,ProDis-000466,https://www.fasteninghouse.com/product-details/manufacture/4-1-2x3-64-zip-st-type-27/,01tO4000002tFsNIAU,Walter-11F142-662980617380,0ZE7A00000001gNWAQ,Walter-EN_CA,a20O40000005k8sIAA,D-00000061
,ProDis-000467,https://www.fasteninghouse.com/product-details/manufacture/12x20mm-c24-portacut-wheel/,01tO4000002tFsRIAU,Walter-11D121-662980020449,0ZE7A00000001gNWAQ,Walter-EN_CA,a20O40000005k8sIAA,D-00000061
,ProDis-000468,https://www.fasteninghouse.com/product-details/manufacture/14x1-c24-portacut-wheels/,01tO4000002tFsTIAU,Walter-11D143-662980053638,0ZE7A00000001gNWAQ,Walter-EN_CA,a20O40000005k8sIAA,D-00000061
,ProDis-000469,https://www.fasteninghouse.com/product-details/manufacture/14x1-a24-portacut-wheel/,01tO4000002tFsVIAU,Walter-11A143-662980189894,0ZE7A00000001gNWAQ,Walter-EN_CA,a20O40000005k8sIAA,D-00000061
,ProDis-000470,https://www.fastenal.ca/sku/0836412,01tO4000002tFriIAE,Walter-11F042-662980350386,0ZE7A00000001gNWAQ,Walter-EN_CA,a20O40000005k8yIAA,D-00000067
,ProDis-000471,https://www.fastenal.ca/sku/0877303,01tO4000002tFrmIAE,Walter-11F172-662980387665,0ZE7A00000001gNWAQ,Walter-EN_CA,a20O40000005k8yIAA,D-00000067
,ProDis-000472,https://www.fastenal.ca/sku/0836415,01tO4000002tFrsIAE,Walter-11F162-662980546123,0ZE7A00000001gNWAQ,Walter-EN_CA,a20O40000005k8yIAA,D-00000067
,ProDis-000473,https://www.fastenal.ca/sku/0877304,01tO4000002tFrvIAE,Walter-11F192-662980982211,0ZE7A00000001gNWAQ,Walter-EN_CA,a20O40000005k8yIAA,D-00000067
,ProDis-000474,https://www.fastenal.ca/sku/0836413,01tO4000002tFryIAE,Walter-11F052-662980310540,0ZE7A00000001gNWAQ,Walter-EN_CA,a20O40000005k8yIAA,D-00000067
,ProDis-000475,https://www.fastenal.ca/sku/0877300,01tO4000002tFs0IAE,Walter-11F072-662980320891,0ZE7A00000001gNWAQ,Walter-EN_CA,a20O40000005k8yIAA,D-00000067
,ProDis-000476,https://www.fastenal.ca/sku/0894157,01tO4000002tFs9IAE,Walter-11F062-662980874103,0ZE7A00000001gNWAQ,Walter-EN_CA,a20O40000005k8yIAA,D-00000067
,ProDis-000477,https://www.fastenal.ca/sku/99559777,01tO4000002tFsCIAU,Walter-11F092-662980301128,0ZE7A00000001gNWAQ,Walter-EN_CA,a20O40000005k8yIAA,D-00000067
,ProDis-000478,https://www.fastenal.ca/sku/0836414,01tO4000002tFsNIAU,Walter-11F142-662980617380,0ZE7A00000001gNWAQ,Walter-EN_CA,a20O40000005k8yIAA,D-00000067
,ProDis-000479,https://www.fastenal.ca/sku/99067920,01tO4000002tFsSIAU,Walter-11F152-662980423141,0ZE7A00000001gNWAQ,Walter-EN_CA,a20O40000005k8yIAA,D-00000067
,ProDis-000480,https://www.fastenal.ca/sku/0836411,01tO4000002tFsVIAU,Walter-11A143-662980189894,0ZE7A00000001gNWAQ,Walter-EN_CA,a20O40000005k8yIAA,D-00000067
,ProDis-000481,https://www.fastenal.ca/sku/0836407,01tO4000002tFsXIAU,Walter-10B163-662980047040,0ZE7A00000001gNWAQ,Walter-EN_CA,a20O40000005k8yIAA,D-00000067
,ProDis-000482,https://eGrimesDirect.com/products/walter-11f042,01tO4000002tFriIAE,Walter-11F042-662980350386,0ZE7A00000001gNWAQ,Walter-EN_CA,a20O40000005k91IAA,D-00000070
,ProDis-000483,https://eGrimesDirect.com/products/walter-10a123,01tO4000002tFrjIAE,Walter-10A123-662980036389,0ZE7A00000001gNWAQ,Walter-EN_CA,a20O40000005k91IAA,D-00000070
,ProDis-000484,https://eGrimesDirect.com/products/walter-10b203,01tO4000002tFrkIAE,Walter-10B203-662980157282,0ZE7A00000001gNWAQ,Walter-EN_CA,a20O40000005k91IAA,D-00000070
,ProDis-000485,https://eGrimesDirect.com/products/walter-10b183,01tO4000002tFrlIAE,Walter-10B183-662980147542,0ZE7A00000001gNWAQ,Walter-EN_CA,a20O40000005k91IAA,D-00000070
,ProDis-000486,https://eGrimesDirect.com/products/walter-11-f-172,01tO4000002tFrmIAE,Walter-11F172-662980387665,0ZE7A00000001gNWAQ,Walter-EN_CA,a20O40000005k91IAA,D-00000070
,ProDis-000487,https://eGrimesDirect.com/products/walter-11h052,01tO4000002tFrnIAE,Walter-11H052-662980848616,0ZE7A00000001gNWAQ,Walter-EN_CA,a20O40000005k91IAA,D-00000070
,ProDis-000488,https://eGrimesDirect.com/products/walter-11a142,01tO4000002tFroIAE,Walter-11A142-662980026823,0ZE7A00000001gNWAQ,Walter-EN_CA,a20O40000005k91IAA,D-00000070
,ProDis-000489,https://eGrimesDirect.com/products/walter-10a203,01tO4000002tFrpIAE,Walter-10A203-662980040720,0ZE7A00000001gNWAQ,Walter-EN_CA,a20O40000005k91IAA,D-00000070
,ProDis-000490,https://eGrimesDirect.com/products/walter-11a121,01tO4000002tFrqIAE,Walter-11A121-662980197639,0ZE7A00000001gNWAQ,Walter-EN_CA,a20O40000005k91IAA,D-00000070
,ProDis-000491,https://eGrimesDirect.com/products/walter-11h062,01tO4000002tFrrIAE,Walter-11H062-662980023006,0ZE7A00000001gNWAQ,Walter-EN_CA,a20O40000005k91IAA,D-00000070
,ProDis-000492,https://eGrimesDirect.com/products/walter-11f162,01tO4000002tFrsIAE,Walter-11F162-662980546123,0ZE7A00000001gNWAQ,Walter-EN_CA,a20O40000005k91IAA,D-00000070
,ProDis-000493,https://eGrimesDirect.com/products/walter-11d122,01tO4000002tFruIAE,Walter-11D122-662980037546,0ZE7A00000001gNWAQ,Walter-EN_CA,a20O40000005k91IAA,D-00000070
,ProDis-000494,https://eGrimesDirect.com/products/walter-11f192,01tO4000002tFrvIAE,Walter-11F192-662980982211,0ZE7A00000001gNWAQ,Walter-EN_CA,a20O40000005k91IAA,D-00000070
,ProDis-000495,https://eGrimesDirect.com/products/walter-11h072,01tO4000002tFrxIAE,Walter-11H072-662980731178,0ZE7A00000001gNWAQ,Walter-EN_CA,a20O40000005k91IAA,D-00000070
,ProDis-000496,https://eGrimesDirect.com/products/walter-11-f-052,01tO4000002tFryIAE,Walter-11F052-662980310540,0ZE7A00000001gNWAQ,Walter-EN_CA,a20O40000005k91IAA,D-00000070
,ProDis-000497,https://eGrimesDirect.com/products/walter-11-f-072,01tO4000002tFs0IAE,Walter-11F072-662980320891,0ZE7A00000001gNWAQ,Walter-EN_CA,a20O40000005k91IAA,D-00000070
,ProDis-000498,https://eGrimesDirect.com/products/walter-10a143,01tO4000002tFs2IAE,Walter-10A143-662980229514,0ZE7A00000001gNWAQ,Walter-EN_CA,a20O40000005k91IAA,D-00000070
,ProDis-000499,https://eGrimesDirect.com/products/walter-11d141,01tO4000002tFs3IAE,Walter-11D141-662980216842,0ZE7A00000001gNWAQ,Walter-EN_CA,a20O40000005k91IAA,D-00000070
,ProDis-000500,https://eGrimesDirect.com/products/walter-10b143,01tO4000002tFs5IAE,Walter-10B143-662980097915,0ZE7A00000001gNWAQ,Walter-EN_CA,a20O40000005k91IAA,D-00000070
,ProDis-000501,https://eGrimesDirect.com/products/walter-11a122,01tO4000002tFs6IAE,Walter-11A122-662980003688,0ZE7A00000001gNWAQ,Walter-EN_CA,a20O40000005k91IAA,D-00000070
,ProDis-000502,https://eGrimesDirect.com/products/walter-10b123,01tO4000002tFs7IAE,Walter-10B123-662980008898,0ZE7A00000001gNWAQ,Walter-EN_CA,a20O40000005k91IAA,D-00000070
,ProDis-000503,https://eGrimesDirect.com/products/walter-11f062,01tO4000002tFs9IAE,Walter-11F062-662980874103,0ZE7A00000001gNWAQ,Walter-EN_CA,a20O40000005k91IAA,D-00000070
,ProDis-000504,https://eGrimesDirect.com/products/walter-10a206,01tO4000002tFsAIAU,Walter-10A206-662980008140,0ZE7A00000001gNWAQ,Walter-EN_CA,a20O40000005k91IAA,D-00000070
,ProDis-000505,https://eGrimesDirect.com/products/walter-11f092,01tO4000002tFsCIAU,Walter-11F092-662980301128,0ZE7A00000001gNWAQ,Walter-EN_CA,a20O40000005k91IAA,D-00000070
,ProDis-000506,https://eGrimesDirect.com/products/walter-11d123,01tO4000002tFsEIAU,Walter-11D123-662980246610,0ZE7A00000001gNWAQ,Walter-EN_CA,a20O40000005k91IAA,D-00000070
,ProDis-000507,https://eGrimesDirect.com/products/walter-10a183,01tO4000002tFsFIAU,Walter-10A183-662980235423,0ZE7A00000001gNWAQ,Walter-EN_CA,a20O40000005k91IAA,D-00000070
,ProDis-000508,https://eGrimesDirect.com/products/walter-11a141,01tO4000002tFsGIAU,Walter-11A141-662980087749,0ZE7A00000001gNWAQ,Walter-EN_CA,a20O40000005k91IAA,D-00000070
,ProDis-000509,https://eGrimesDirect.com/products/walter-11h042,01tO4000002tFsJIAU,Walter-11H042-662980564011,0ZE7A00000001gNWAQ,Walter-EN_CA,a20O40000005k91IAA,D-00000070
,ProDis-000510,https://eGrimesDirect.com/products/walter-11d142,01tO4000002tFsKIAU,Walter-11D142-662980064313,0ZE7A00000001gNWAQ,Walter-EN_CA,a20O40000005k91IAA,D-00000070
,ProDis-000511,https://eGrimesDirect.com/products/walter-11f142,01tO4000002tFsNIAU,Walter-11F142-662980617380,0ZE7A00000001gNWAQ,Walter-EN_CA,a20O40000005k91IAA,D-00000070
,ProDis-000512,https://eGrimesDirect.com/products/walter-10c143,01tO4000002tFsPIAU,Walter-10C143-662980063385,0ZE7A00000001gNWAQ,Walter-EN_CA,a20O40000005k91IAA,D-00000070
,ProDis-000513,https://eGrimesDirect.com/products/walter-11d121,01tO4000002tFsRIAU,Walter-11D121-662980020449,0ZE7A00000001gNWAQ,Walter-EN_CA,a20O40000005k91IAA,D-00000070
,ProDis-000514,https://eGrimesDirect.com/products/walter-11f152,01tO4000002tFsSIAU,Walter-11F152-662980423141,0ZE7A00000001gNWAQ,Walter-EN_CA,a20O40000005k91IAA,D-00000070
,ProDis-000515,https://eGrimesDirect.com/products/walter-11d143,01tO4000002tFsTIAU,Walter-11D143-662980053638,0ZE7A00000001gNWAQ,Walter-EN_CA,a20O40000005k91IAA,D-00000070
,ProDis-000516,https://eGrimesDirect.com/products/walter-11a143,01tO4000002tFsVIAU,Walter-11A143-662980189894,0ZE7A00000001gNWAQ,Walter-EN_CA,a20O40000005k91IAA,D-00000070
,ProDis-000517,https://eGrimesDirect.com/products/walter-10a163,01tO4000002tFsWIAU,Walter-10A163-662980035610,0ZE7A00000001gNWAQ,Walter-EN_CA,a20O40000005k91IAA,D-00000070
,ProDis-000518,https://eGrimesDirect.com/products/walter-10b163,01tO4000002tFsXIAU,Walter-10B163-662980047040,0ZE7A00000001gNWAQ,Walter-EN_CA,a20O40000005k91IAA,D-00000070
,ProDis-000519,https://cf-t.com/walter-10-b-203-20inch-x-3-16inch-x-1inch-cut-off-wheel?utm_source=feeds&utm_medium=referral&utm_campaign=Walter&utm_content=WLT10B203,01tO4000002tFrkIAE,Walter-10B203-662980157282,0ZE7A00000001gNWAQ,Walter-EN_CA,a20O40000005k95IAA,D-00000074
,ProDis-000520,https://cf-t.com/walter-10-b-183-18inch-x-3-16inch-x-1inch-cut-off-wheel-a-24-fc?utm_source=feeds&utm_medium=referral&utm_campaign=Walter&utm_content=WLT10B183,01tO4000002tFrlIAE,Walter-10B183-662980147542,0ZE7A00000001gNWAQ,Walter-EN_CA,a20O40000005k95IAA,D-00000074
,ProDis-000521,https://cf-t.com/walter-11-f-172-7-x-116-x-78-zip-stainless-cut-off-wheel?utm_source=feeds&utm_medium=referral&utm_campaign=Walter&utm_content=WLT11F172,01tO4000002tFrmIAE,Walter-11F172-662980387665,0ZE7A00000001gNWAQ,Walter-EN_CA,a20O40000005k95IAA,D-00000074
,ProDis-000522,https://cf-t.com/walter-11-a-142-14inch-x-1-8inch-x-7-8inch-cut-off-wheel?utm_source=feeds&utm_medium=referral&utm_campaign=Walter&utm_content=WLT11A142,01tO4000002tFroIAE,Walter-11A142-662980026823,0ZE7A00000001gNWAQ,Walter-EN_CA,a20O40000005k95IAA,D-00000074
,ProDis-000523,https://cf-t.com/walter-11-a-121-12inch-x-1-8inch-x-20mm-cut-off-wheel-general-purpose?utm_source=feeds&utm_medium=referral&utm_campaign=Walter&utm_content=WLT11A121,01tO4000002tFrqIAE,Walter-11A121-662980197639,0ZE7A00000001gNWAQ,Walter-EN_CA,a20O40000005k95IAA,D-00000074
,ProDis-000524,https://cf-t.com/walter-11-f-162-6-x-3-64-x-78-stainless-steel-cut-off-wheel?utm_source=feeds&utm_medium=referral&utm_campaign=Walter&utm_content=WLT11F162,01tO4000002tFrsIAE,Walter-11F162-662980546123,0ZE7A00000001gNWAQ,Walter-EN_CA,a20O40000005k95IAA,D-00000074
,ProDis-000525,https://cf-t.com/walter-10-a-143-14inch-x-1-8inch-x-1inch-cut-off-wheel-a-24-rip?utm_source=feeds&utm_medium=referral&utm_campaign=Walter&utm_content=WLT10A143,01tO4000002tFs2IAE,Walter-10A143-662980229514,0ZE7A00000001gNWAQ,Walter-EN_CA,a20O40000005k95IAA,D-00000074
,ProDis-000526,https://cf-t.com/walter-11-d-141-14inch-x-1-8inch-x-20mm-cut-off-wheel-c-24?utm_source=feeds&utm_medium=referral&utm_campaign=Walter&utm_content=WLT11D141,01tO4000002tFs3IAE,Walter-11D141-662980216842,0ZE7A00000001gNWAQ,Walter-EN_CA,a20O40000005k95IAA,D-00000074
,ProDis-000527,https://cf-t.com/walter-11-a-122-12inch-x-1-8inch-x-7-8inch-cut-off-wheel?utm_source=feeds&utm_medium=referral&utm_campaign=Walter&utm_content=WLT11A122,01tO4000002tFs6IAE,Walter-11A122-662980003688,0ZE7A00000001gNWAQ,Walter-EN_CA,a20O40000005k95IAA,D-00000074
,ProDis-000528,https://cf-t.com/walter-11-d-123-12inch-x-1-8inch-x-1inch-cut-off-wheel-concrete?utm_source=feeds&utm_medium=referral&utm_campaign=Walter&utm_content=WLT11D123,01tO4000002tFsEIAU,Walter-11D123-662980246610,0ZE7A00000001gNWAQ,Walter-EN_CA,a20O40000005k95IAA,D-00000074
,ProDis-000529,https://cf-t.com/walter-10-a-183-18inch-x-3-16inch-x-1inch-cut-off-wheel-a-24-rip?utm_source=feeds&utm_medium=referral&utm_campaign=Walter&utm_content=WLT10A183,01tO4000002tFsFIAU,Walter-10A183-662980235423,0ZE7A00000001gNWAQ,Walter-EN_CA,a20O40000005k95IAA,D-00000074
,ProDis-000530,https://cf-t.com/walter-11-a-141-14inch-x-1-8inch-x-20mm-cut-off-wheel-a-24?utm_source=feeds&utm_medium=referral&utm_campaign=Walter&utm_content=WLT11A141,01tO4000002tFsGIAU,Walter-11A141-662980087749,0ZE7A00000001gNWAQ,Walter-EN_CA,a20O40000005k95IAA,D-00000074
,ProDis-000531,https://cf-t.com/walter-11-a-123-12inch-x-1-8inch-x-1inch-cut-off-wheel-general-purpose?utm_source=feeds&utm_medium=referral&utm_campaign=Walter&utm_content=WLT11A123,01tO4000002tFsOIAU,Walter-11A123-662980150092,0ZE7A00000001gNWAQ,Walter-EN_CA,a20O40000005k95IAA,D-00000074
,ProDis-000532,https://cf-t.com/walter-11-d-121-12inch-x-1-8inch-x-20mm-cut-off-wheel-concrete?utm_source=feeds&utm_medium=referral&utm_campaign=Walter&utm_content=WLT11D121,01tO4000002tFsRIAU,Walter-11D121-662980020449,0ZE7A00000001gNWAQ,Walter-EN_CA,a20O40000005k95IAA,D-00000074
,ProDis-000533,https://cf-t.com/walter-11-d-143-14inch-x-1-8inch-x-1inch-cut-off-wheel-c-24?utm_source=feeds&utm_medium=referral&utm_campaign=Walter&utm_content=WLT11D143,01tO4000002tFsTIAU,Walter-11D143-662980053638,0ZE7A00000001gNWAQ,Walter-EN_CA,a20O40000005k95IAA,D-00000074
,ProDis-000534,https://cf-t.com/walter-11-a-143-14inch-x-1-8inch-x-1inch-cut-off-wheel-a-24?utm_source=feeds&utm_medium=referral&utm_campaign=Walter&utm_content=WLT11A143,01tO4000002tFsVIAU,Walter-11A143-662980189894,0ZE7A00000001gNWAQ,Walter-EN_CA,a20O40000005k95IAA,D-00000074
,ProDis-000535,https://cf-t.com/walter-10-b-163-16inch-x-5-32inch-x-1inch-cut-off-wheel?utm_source=feeds&utm_medium=referral&utm_campaign=Walter&utm_content=WLT10B163,01tO4000002tFsXIAU,Walter-10B163-662980047040,0ZE7A00000001gNWAQ,Walter-EN_CA,a20O40000005k95IAA,D-00000074
,ProDis-000536,https://canadaweldingsupply.ca/products/walter-zip-titan%E2%84%A2-titanium-brass-cutting-discs?variant=39749435228333,01tO4000002tFrnIAE,Walter-11H052-662980848616,0ZE7A00000001gNWAQ,Walter-EN_CA,a20O40000005k8xIAA,D-00000066
,ProDis-000537,https://canadaweldingsupply.ca/products/walter-zip-titan%E2%84%A2-titanium-brass-cutting-discs?variant=39749435261101,01tO4000002tFrrIAE,Walter-11H062-662980023006,0ZE7A00000001gNWAQ,Walter-EN_CA,a20O40000005k8xIAA,D-00000066
,ProDis-000538,https://canadaweldingsupply.ca/products/walter-zip-titan%E2%84%A2-titanium-brass-cutting-discs?variant=39749435195565,01tO4000002tFsJIAU,Walter-11H042-662980564011,0ZE7A00000001gNWAQ,Walter-EN_CA,a20O40000005k8xIAA,D-00000066
,ProDis-000539,https://www.airliquide.ca/zip-stainless-cutting-wheel-type-1/product/W00000258?skuRepositoryId=A0415537,01tO4000002tFriIAE,Walter-11F042-662980350386,0ZE7A00000001gNWAQ,Walter-EN_CA,a20O40000005k94IAA,D-00000073
,ProDis-000540,https://www.airliquide.ca/ripcut-ii-cut-off-wheel-type-1/product/W00000498?skuRepositoryId=A0415513,01tO4000002tFrjIAE,Walter-10A123-662980036389,0ZE7A00000001gNWAQ,Walter-EN_CA,a20O40000005k94IAA,D-00000073
,ProDis-000541,https://www.airliquide.ca/ripcut-cut-off-wheel-type-1/product/W00000499?skuRepositoryId=A0415512,01tO4000002tFrkIAE,Walter-10B203-662980157282,0ZE7A00000001gNWAQ,Walter-EN_CA,a20O40000005k94IAA,D-00000073
,ProDis-000542,https://www.airliquide.ca/ripcut-cut-off-wheel-type-1/product/W00000499?skuRepositoryId=A0415511,01tO4000002tFrlIAE,Walter-10B183-662980147542,0ZE7A00000001gNWAQ,Walter-EN_CA,a20O40000005k94IAA,D-00000073
,ProDis-000543,https://www.airliquide.ca/zip-stainless-cutting-wheel-type-27/product/W00000143?skuRepositoryId=A0415524,01tO4000002tFrmIAE,Walter-11F172-662980387665,0ZE7A00000001gNWAQ,Walter-EN_CA,a20O40000005k94IAA,D-00000073
,ProDis-000544,https://www.airliquide.ca/zip-titan-cutting-wheel-type-1/product/W00000291?skuRepositoryId=A0919300,01tO4000002tFrnIAE,Walter-11H052-662980848616,0ZE7A00000001gNWAQ,Walter-EN_CA,a20O40000005k94IAA,D-00000073
,ProDis-000545,https://www.airliquide.ca/portacut-cut-off-wheel-type-1-a-24/product/W00000146?skuRepositoryId=A0415505,01tO4000002tFroIAE,Walter-11A142-662980026823,0ZE7A00000001gNWAQ,Walter-EN_CA,a20O40000005k94IAA,D-00000073
,ProDis-000546,https://www.airliquide.ca/ripcut-ii-cut-off-wheel-type-1/product/W00000498?skuRepositoryId=A0415517,01tO4000002tFrpIAE,Walter-10A203-662980040720,0ZE7A00000001gNWAQ,Walter-EN_CA,a20O40000005k94IAA,D-00000073
,ProDis-000547,https://www.airliquide.ca/portacut-cut-off-wheel-type-1-a-24/product/W00000146?skuRepositoryId=A0415501,01tO4000002tFrqIAE,Walter-11A121-662980197639,0ZE7A00000001gNWAQ,Walter-EN_CA,a20O40000005k94IAA,D-00000073
,ProDis-000548,https://www.airliquide.ca/zip-titan-cutting-wheel-type-1/product/W00000291?skuRepositoryId=A1056532,01tO4000002tFrrIAE,Walter-11H062-662980023006,0ZE7A00000001gNWAQ,Walter-EN_CA,a20O40000005k94IAA,D-00000073
,ProDis-000549,https://www.airliquide.ca/zip-stainless-cutting-wheel-type-27/product/W00000143?skuRepositoryId=A0415300,01tO4000002tFrsIAE,Walter-11F162-662980546123,0ZE7A00000001gNWAQ,Walter-EN_CA,a20O40000005k94IAA,D-00000073
,ProDis-000550,https://www.airliquide.ca/portacut-cut-off-wheel-type-1-c-24/product/W00000335?skuRepositoryId=A0174604,01tO4000002tFruIAE,Walter-11D122-662980037546,0ZE7A00000001gNWAQ,Walter-EN_CA,a20O40000005k94IAA,D-00000073
,ProDis-000551,https://www.airliquide.ca/zip-stainless-cutting-wheel-type-27/product/W00000143?skuRepositoryId=A0204167,01tO4000002tFrvIAE,Walter-11F192-662980982211,0ZE7A00000001gNWAQ,Walter-EN_CA,a20O40000005k94IAA,D-00000073
,ProDis-000552,https://www.airliquide.ca/zip-titan-cutting-wheel-type-1/product/W00000291?skuRepositoryId=A1056533,01tO4000002tFrxIAE,Walter-11H072-662980731178,0ZE7A00000001gNWAQ,Walter-EN_CA,a20O40000005k94IAA,D-00000073
,ProDis-000553,https://www.airliquide.ca/zip-stainless-cutting-wheel-type-1/product/W00000258?skuRepositoryId=A0415477,01tO4000002tFryIAE,Walter-11F052-662980310540,0ZE7A00000001gNWAQ,Walter-EN_CA,a20O40000005k94IAA,D-00000073
,ProDis-000554,https://www.airliquide.ca/zip-stainless-cutting-wheel-type-1/product/W00000258?skuRepositoryId=A0195081,01tO4000002tFs0IAE,Walter-11F072-662980320891,0ZE7A00000001gNWAQ,Walter-EN_CA,a20O40000005k94IAA,D-00000073
,ProDis-000555,https://www.airliquide.ca/ripcut-ii-cut-off-wheel-type-1/product/W00000498?skuRepositoryId=A0415514,01tO4000002tFs2IAE,Walter-10A143-662980229514,0ZE7A00000001gNWAQ,Walter-EN_CA,a20O40000005k94IAA,D-00000073
,ProDis-000556,https://www.airliquide.ca/portacut-cut-off-wheel-type-1-c-24/product/W00000335?skuRepositoryId=A0416164,01tO4000002tFs3IAE,Walter-11D141-662980216842,0ZE7A00000001gNWAQ,Walter-EN_CA,a20O40000005k94IAA,D-00000073
,ProDis-000557,https://www.airliquide.ca/ripcut-cut-off-wheel-type-1/product/W00000499?skuRepositoryId=A0415509,01tO4000002tFs5IAE,Walter-10B143-662980097915,0ZE7A00000001gNWAQ,Walter-EN_CA,a20O40000005k94IAA,D-00000073
,ProDis-000558,https://www.airliquide.ca/portacut-cut-off-wheel-type-1-a-24/product/W00000146?skuRepositoryId=A0415502,01tO4000002tFs6IAE,Walter-11A122-662980003688,0ZE7A00000001gNWAQ,Walter-EN_CA,a20O40000005k94IAA,D-00000073
,ProDis-000559,https://www.airliquide.ca/ripcut-cut-off-wheel-type-1/product/W00000499?skuRepositoryId=A0415508,01tO4000002tFs7IAE,Walter-10B123-662980008898,0ZE7A00000001gNWAQ,Walter-EN_CA,a20O40000005k94IAA,D-00000073
,ProDis-000560,https://www.airliquide.ca/zip-stainless-cutting-wheel-type-1/product/W00000258?skuRepositoryId=A0415478,01tO4000002tFs9IAE,Walter-11F062-662980874103,0ZE7A00000001gNWAQ,Walter-EN_CA,a20O40000005k94IAA,D-00000073
,ProDis-000561,https://www.airliquide.ca/ripcut-ii-cut-off-wheel-type-1/product/W00000498?skuRepositoryId=A0177514,01tO4000002tFsAIAU,Walter-10A206-662980008140,0ZE7A00000001gNWAQ,Walter-EN_CA,a20O40000005k94IAA,D-00000073
,ProDis-000562,https://www.airliquide.ca/zip-stainless-cutting-wheel-type-1/product/W00000258?skuRepositoryId=A0204166,01tO4000002tFsCIAU,Walter-11F092-662980301128,0ZE7A00000001gNWAQ,Walter-EN_CA,a20O40000005k94IAA,D-00000073
,ProDis-000563,https://www.airliquide.ca/portacut-cut-off-wheel-type-1-c-24/product/W00000335?skuRepositoryId=A0415499,01tO4000002tFsEIAU,Walter-11D123-662980246610,0ZE7A00000001gNWAQ,Walter-EN_CA,a20O40000005k94IAA,D-00000073
,ProDis-000564,https://www.airliquide.ca/ripcut-ii-cut-off-wheel-type-1/product/W00000498?skuRepositoryId=A0415516,01tO4000002tFsFIAU,Walter-10A183-662980235423,0ZE7A00000001gNWAQ,Walter-EN_CA,a20O40000005k94IAA,D-00000073
,ProDis-000565,https://www.airliquide.ca/portacut-cut-off-wheel-type-1-a-24/product/W00000146?skuRepositoryId=A0415504,01tO4000002tFsGIAU,Walter-11A141-662980087749,0ZE7A00000001gNWAQ,Walter-EN_CA,a20O40000005k94IAA,D-00000073
,ProDis-000566,https://www.airliquide.ca/zip-titan-cutting-wheel-type-1/product/W00000291?skuRepositoryId=A1056531,01tO4000002tFsJIAU,Walter-11H042-662980564011,0ZE7A00000001gNWAQ,Walter-EN_CA,a20O40000005k94IAA,D-00000073
,ProDis-000567,https://www.airliquide.ca/zip-stainless-cutting-wheel-type-27/product/W00000143?skuRepositoryId=A0415522,01tO4000002tFsNIAU,Walter-11F142-662980617380,0ZE7A00000001gNWAQ,Walter-EN_CA,a20O40000005k94IAA,D-00000073
,ProDis-000568,https://www.airliquide.ca/portacut-cut-off-wheel-type-1-a-24/product/W00000146?skuRepositoryId=A0415503,01tO4000002tFsOIAU,Walter-11A123-662980150092,0ZE7A00000001gNWAQ,Walter-EN_CA,a20O40000005k94IAA,D-00000073
,ProDis-000569,https://www.airliquide.ca/ripcut-stainless-steel-cut-off-wheel-type-1/product/W00000500?skuRepositoryId=A0415519,01tO4000002tFsPIAU,Walter-10C143-662980063385,0ZE7A00000001gNWAQ,Walter-EN_CA,a20O40000005k94IAA,D-00000073
,ProDis-000570,https://www.airliquide.ca/portacut-cut-off-wheel-type-1-c-24/product/W00000335?skuRepositoryId=A0415497,01tO4000002tFsRIAU,Walter-11D121-662980020449,0ZE7A00000001gNWAQ,Walter-EN_CA,a20O40000005k94IAA,D-00000073
,ProDis-000571,https://www.airliquide.ca/zip-stainless-cutting-wheel-type-27/product/W00000143?skuRepositoryId=A0415523,01tO4000002tFsSIAU,Walter-11F152-662980423141,0ZE7A00000001gNWAQ,Walter-EN_CA,a20O40000005k94IAA,D-00000073
,ProDis-000572,https://www.airliquide.ca/portacut-cut-off-wheel-type-1-c-24/product/W00000335?skuRepositoryId=A0415500,01tO4000002tFsTIAU,Walter-11D143-662980053638,0ZE7A00000001gNWAQ,Walter-EN_CA,a20O40000005k94IAA,D-00000073
,ProDis-000573,https://www.airliquide.ca/portacut-cut-off-wheel-type-1-a-24/product/W00000146?skuRepositoryId=A0415506,01tO4000002tFsVIAU,Walter-11A143-662980189894,0ZE7A00000001gNWAQ,Walter-EN_CA,a20O40000005k94IAA,D-00000073
,ProDis-000574,https://www.airliquide.ca/ripcut-ii-cut-off-wheel-type-1/product/W00000498?skuRepositoryId=A0415515,01tO4000002tFsWIAU,Walter-10A163-662980035610,0ZE7A00000001gNWAQ,Walter-EN_CA,a20O40000005k94IAA,D-00000073
,ProDis-000575,https://www.airliquide.ca/ripcut-cut-off-wheel-type-1/product/W00000499?skuRepositoryId=A0415510,01tO4000002tFsXIAU,Walter-10B163-662980047040,0ZE7A00000001gNWAQ,Walter-EN_CA,a20O40000005k94IAA,D-00000073
